hotel_id,name,destination,website,source
781267,3 House Apart,"Antalya, Kaş",https://www.apart3house.com,listing
657,A11 Hotels Obaköy,"Antalya, Alanya",https://www.taksimotelcilik.com.tr,listing
1285117,Acapulco Resort Convention Spa Hotel & Casino,"Kıbrıs, Girne",https://www.acapulco.com.tr,listing
110744,Acar Otel Alanya,"Antalya, Alanya",https://www.acarhotel.com/,web_search
1025368,Acroter Hotel & Spa Datça,"Muğla, Datça",https://www.acroterhotels.com,listing
781468,Ada Arası Otel,"Antalya, Kumluca",https://adaarasiotel.com,web_search
1264269,Adalya Artside Hotel,"Antalya, Manavgat, Side",https://adalyaartside.com/tr,listing
783289,Adanis Park Termal Otel,"Kahramanmaraş, Onikişubat",https://www.adanispark.com/,listing
1238797,Adenya Hotel Resort & SPA,"Antalya, Alanya, Avsallar",https://www.adenyahotels.com.tr,listing
878128,Adil Butik Otel,"Aydın, Didim",https://www.adilshousedidim.com,web_search
1023792,Adora Golf Resort Hotel,"Antalya, Serik",https://www.adora.com,listing
873694,Adrasan Eldorado Butik,"Antalya, Kumluca, Adrasan",https://www.eldoradootel.com/,listing
299,Adrasan Klados Hotel,"Antalya, Kumluca, Çavuşköy",https://www.adrasankladoshotel.com,listing
1023633,Adrasan La Casita Boutique Hotel,"Antalya, Kumluca",http://lacasitaadrasan.com,web_search
371,Adrina Termal Health & Spa Hotel,"Balıkesir, Edremit",https://www.adrinahotel.com,listing
1019767,Aegean Gate Hotel,"Muğla, Bodrum",http://aegeangatehotel.com,web_search
785818,Afflon Hotels Loft City,Antalya,https://www.afflonhotels.com.tr,listing
378329,Agaya Didim Resort (Ex.Prive Didim) ,"Aydın, Didim",https://www.buyukanadoludidimresort.com,listing
3891,Agrovela Hotel,"İzmir, Çeşme, Alaçatı",http://www.dalamanairportlykiaresorthotel.com,listing
190815,Ahmeda Apart Otel,"Balıkesir, Ayvalık",https://www.sarimsakliahmedaapart.com/,web_search
784094,Airport Güllük Otel,"Muğla, Milas",https://www.airportotel.com,listing
875398,Ajlan Hotel Cunda,"Balıkesir, Ayvalık",https://ajlanayvalik.com,web_search
873758,Akana Cennet Koyu Bodrum,"Muğla, Bodrum",https://www.akanahotels.com,web_search
1021694,Akana Loft,"Muğla, Bodrum",https://www.akanaloft.com/,web_search
878418,Akar Palace Resort Hotel,"Antalya, Kemer",https://www.akarpalaceresort.com,listing
12,Akra Antalya,,https://www.akrahotels.com,listing
1018579,Aksel Butik Otel,"Aydın, Didim",https://akselbutikotel.com,web_search
144934,Akvaryum Hotel,"Muğla, Bodrum, Gümbet",https://www.isis.com.tr,listing
1403,Akyalı Butik Otel,"Muğla, Bodrum, Güvercinlik",https://www.akyaliotel.com,listing
876021,Ala Grand Residence,"Muğla, Bodrum",https://www.alagrandresidence.com,listing
1020771,Ala Konak Alaçatı,"İzmir, Çeşme, Alaçatı",http://www.alakonakalacati.com/index.html,listing
1284460,Ala Suites and Villas,Muğla,https://www.galasuitesvillas.com/,web_search
593593,Alados Otel,"Muğla, Marmaris",https://www.aladosotel.com,listing
987,Alaiye Kleopatra Hotel,"Antalya, Alanya",https://www.alaiyehotels.com,listing
1264274,Alaiye Resort & Spa Hotel,"Antalya, Alanya",https://www.alaiyehotels.com,listing
1284455,Alan Suites,Edirne,https://www.alansuites.com,listing
782918,Alaçatı Begonvil By Aliki,"İzmir, Çeşme",https://www.begonvilbyaliki.com,listing
208449,Alaçatı Zeytin Konak Otel,"İzmir, Çeşme, Alaçatı",https://www.alacatizeytinotel.com,listing
64235,Albano Hotel,"İzmir, Çeşme",https://:www.cesmealbanohotel.com.tr,listing
859751,Albatros Hotel,"Muğla, Bodrum",http://www.hotelalbatros.com/,listing
1025554,Alden Hotel Cappadocia,"Nevşehir, Ürgüp",https://alden.com.tr,web_search
663114,Alder Hotel,"Balıkesir, Ayvalık, Sarımsaklı",https://www.alderotel.com,listing
113333,Alesta Yacht Hotel,"Muğla, Fethiye",http://www.alestayachthotel.com/,listing
874581,Alexandria Troas Termal Hotel,"Çanakkale, Ezine",https://www.alexandriatroastermal.com,listing
416709,Alfa Apart Otel,"Muğla, Bodrum, Turgutreis",https://alfaapart.com,web_search
414826,Alkoçlar Kemer Exclusive,"Antalya, Kemer",https://www.alkoclar.com.tr,listing
1024942,Altın Yunus Hotel & Spa Çeşme,"İzmir, Çeşme",https://www.altinyunus.com.tr,listing
859380,Altınsaray Hotel,"Aydın, Kuşadası, Kadınlar Denizi Mahallesi",https://www.hotelaltinsaray.com,listing
417162,Alya Hotel Göcek,"Muğla, Fethiye, Göcek",http://www.alyahotel.com/,listing
1025343,Alya Sierra Bodrum,"Muğla, Bodrum",https://www.alyasierrabodrum.com,listing
873990,Ambassador Plaza Hotel,"Antalya, Kemer",https://www.ambassadorhotels.com,listing
872781,Amfora Hotel,Muğla,https://amforahotel.com/,listing
873047,Amon Hotels Belek +16,"Antalya, Serik",https://www.amonhotels.com/,web_search
874414,Amsterdam Otel & Suites,"Antalya, Kemer",https://www.amsterdambutikotel.com,listing
96931,Anatolian Houses Cave Hotel & Spa,"Nevşehir, Göreme",https://www.anatoliahouses.com.tr,listing
663268,Anemon Diyarbakır Suit Hotel,,https://anemonhotels.com/hotel/anemon-diyarbakir-suit-rezidans/,listing
640848,Anemonia Hotel,"Mersin, Anamur",https://hotelanemonia.com,web_search
1017636,Angel Beach Hotel Kızkalesi Mersin,"Mersin, Erdemli, Kızkalesi",https://www.hotelangelbeach.com,listing
877597,Anita Sunpark Beach,Antalya,https://sunpark.anitahotels.com,web_search
1023892,Anjeliq Downtown Boutique Hotel,"Antalya, Alanya",http://www.anjeliqdowntown.com/,listing
212429,Annabella Park Hotel,"Antalya, Alanya, Avsallar",https://www.anabellahotels.com,listing
415222,Antalya Dream Time Hotel,"Antalya, Kaleiçi",https://www.antalyadreams.com,listing
81034,Antik Motel Alaçatı,"İzmir, Çeşme, Alaçatı",https://www.alacatiantikmotel.com,web_search
1017801,Antique İasos Butik Otel,"Muğla, Milas",https://antiqueiasos.com,web_search
424,Anzac Hotel,Çanakkale,https://www.anzachotels.com,web_search
1017451,Apella Hotel,"Antalya, Kemer",http://www.sevenseasonshotels.com/,listing
1367,AQI Pegasos Royal,"Antalya, Alanya",https://www.tthotels.com,listing
324646,AQI Pegasos World,,https://www.tthotels.com,listing
417093,Arion Resort Hotel (Arion Suites),"Muğla, Bodrum, Gümüşlük",https://www.arionresort.com,listing
377935,Arkın Palm Beach Hotel,"Kıbrıs, Gazimağusa",http://www.arkinpalmbeach.com,listing
783708,Armağan Apart Otel,"Muğla, Bodrum",https://armaganapartbodrum.com,web_search
1019558,Armi Alaçatı +13,"İzmir, Çeşme",https://armibutikotel.com,web_search
1262491,Armonia Holiday Village & Spa,"Muğla, Bodrum",https://www.armoniabodrum.com,listing
734,Arnna Hotel,"Antalya, Kaş",http://www.arnnahotel.com/,listing
145932,Arsi Enfi City Beach Hotel,"Antalya, Alanya",https://www.arsihotels.com/,listing
1298787,Arsuz Jumanah Premium,"Hatay, Arsuz",https://jumanahotel.com,listing
417607,As Otel Çeşme,"İzmir, Çeşme",https://www.asotelcesme.com,web_search
1210807,Asfiya Loft Apartments,"Antalya, Kaş, Kalkan",https://asfiyalofts.com,web_search
377971,Asfiya Sea View Hotel,"Antalya, Kaş, Kalkan",http://www.asfiyaseaviewhotel.com/contact-us/,listing
1726,Asia Beach Resort & Spa Hotel,"Antalya, Alanya",https://www.asiabeachresort.com,listing
203586,Aska Lara Resort & Spa,"Antalya, Muratpaşa, Lara ",https://www.askahotels.com,listing
646559,Aslan City Hotel,"Antalya, Alanya",https://www.aslanhotels.com,listing
781113,Aslan Corner Otel,"Antalya, Alanya",https://www.aslanhotels.com,listing
1017510,Aslı Bungalow,"Antalya, Kaş, Demre",https://aslibungalow.com,web_search
880,Aspat Hotel Bodrum,"Muğla, Bodrum, Akyarlar",https://www.aspatotel.com,listing
982,Assos Eden Beach Hotel,"Çanakkale, Ayvacık, Assos",https://www.assosedengroup.com,listing
1002,Assos Eden Gardens Hotel,"Çanakkale, Ayvacık, Assos",https://www.assosedengroup.com,listing
784569,Assos Troy Beach Hotel,"Çanakkale, Ayvacık",https://www.troyotel.com,listing
1024449,Assos Troy Port Hotel,,https://troyportotel.com,web_search
45222,Asteria Bodrum Resort,"Muğla, Bodrum, Gümbet",https://www.asteriahotels.com,listing
1025432,Astrid Hotel Bodrum,"Muğla, Bodrum",https://www.astridhotels.com,listing
126663,Atlantique Holiday Club,"Aydın, Kuşadası",https://www.atlantique.com.tr,listing
45482,Atrium Hotel,"Muğla, Bodrum",http://www.atriumbodrum.com/,listing
1022858,Aura Village Alaçatı,"İzmir, Çeşme",https://www.auravillagealacati.com,web_search
1018588,Avalon Hotel Kuşadası,"Aydın, Kuşadası",https://www.avalonotel.com,listing
496,Avantgarde Refined Yalıkavak,"Muğla, Bodrum",https://www.avantgardecollection.com,listing
673104,Avena Resort & Spa Hotel,"Antalya, Alanya, Tosmur",https://www.avenahotel.com,listing
54877,Avlu Otel,"Antalya, Kemer",https://avluhotel.com/,web_search
419391,Aycan Otel,"Balıkesir, Erdek",https://aycanotel.com,web_search
1264288,Aydınbey Famous Resort,"Antalya, Serik, Boğazkent",https://www.aydinbeyhotels.com.tr,listing
142870,Aydınbey Gold Dreams,"Antalya, Alanya",https://www.aydinbeyhotels.com.tr,listing
1264289,Aydınbey Kings Palace & Spa,"Antalya, Manavgat, Side",https://www.aydinbeyhotels.com.tr,listing
419203,Aymira Hotel & Spa,"Aydın, Efeler",http://www.aymirahotel.com.tr/,listing
415213,Aypars Beldibi Hotels,Beldibi,https://www.hotelbeldibi.com,listing
294740,Ayvalık Beach Hotel (Ex. Ivy Sailing Resort Hotel),"Balıkesir, Ayvalık",https://www.ivyotel.com,listing
159109,Azak Beach Hotel (+16 Adult Only),"Antalya, Alanya",http://www.azakbeach.com/tr,listing
295302,Azura Deluxe Resort & Spa Hotel,,https://www.azuradeluxe.com,listing
912,Babaylon Hotel,"İzmir, Çeşme",https://www.babaylon.com.tr,listing
1023579,Babylon Town,"Antalya, Kumluca, Olimpos",https://www.babylontown.com.tr,web_search
140885,Balim Hotel,"Muğla, Marmaris",http://www.hotelbalim.com/,listing
415241,Bamont Villas,"Antalya, Kemer",https://www.bamontvillas.com,web_search
592838,Bay Nihat Lale Otel,"Balıkesir, Ayvalık",https://www.baynihat.com.tr,listing
1448,Bc Spa Hotel Dalyan,"Muğla, Ortaca, Dalyan ",https://www.bcspahotel.com,listing
1797,Begonville Beach Hotel,"Muğla, Marmaris",https://www.begonville.com,listing
874361,Belcan Hotel,"Antalya, Kemer",https://www.belcanhotel.com,listing
1484,Belcekız Beach Holiday Village,"Muğla, Fethiye",https://www.belcekiz.com,listing
834,Belconti Resort Hotel,"Antalya, Serik, Belek",https://www.belconti.com,listing
1284520,Beldibi Beach,Beldibi,https://www.beldibibeach.com,web_search
378932,Belgin Hotel,"Balıkesir, Erdek",https://www.belginotel.com,web_search
783272,Belizi Boutique Hotel,"İzmir, Urla",https://www.belizi.com.tr,listing
901,Belkon Club Belek,"Antalya, Serik, Belek",https://www.belkonhotel.com,listing
872803,Bella Garden Boutique Hotel,Muğla,https://www.bellagardenboutiquehotel.com,listing
776,Bella Resort & Spa,,https://www.bellaresorthotels.com,listing
1017782,Benjamin Otel,"Muğla, Bodrum, Gümüşlük",https://www.instagram.com/benjaminotelgumusluk/,social
415414,Bera Hotel Alanya,Antalya,https://www.bera.com.tr,listing
593536,Beralisa Family Garden Resort - All inclusive,"Antalya, Kemer, Göynük",https://www.omorfigardenresort.com,listing
789581,Bertiz Mignon Bozcaada,Çanakkale,https://bertiz-mignon-bozcaada.hotelrunner.com/,listing
768,Best Western Plus Khan Hotel,"Antalya, Muratpaşa",http://www.khanhotel.com,listing
872770,Bieno Venüs Hotel & Spa,Antalya,http://www.venusotel.com/,listing
882580,Billurcu Otel,"Balıkesir, Ayvalık",http://www.billurcu.com,listing
418851,Bir Umut Otel,"Mersin, Erdemli",http://birumutotel.com,listing
81466,Bircan Hotel,"Muğla, Bodrum",https://bircanotel.com/,web_search
1284463,Bitez Adam Otel,"Muğla, Bodrum, Bitez",https://www.bitezadamotel.com,listing
541,Bitez Garden Life Hotel & Suites,,https://www.bitezgardenlife.com,listing
781596,Blue Marina Hotel,"Antalya, Muratpaşa",https://www.bluemarinahotel.com,listing
1164,Blue Pine Hotel,Beldibi,https://www.larissahotels.com.tr,listing
1020974,Blue Point Hotel,Muğla,https://bluepointyalikavak.com,web_search
45382,Blue Sea Garden (Adults Only),"Antalya, Kaleiçi",http://www.hotelblueseagarden.com,web_search
324955,Blue Sky Hotel & Suites,"Antalya, Alanya",https://www.bluehotel.com,listing
146224,Blue Star Hotel,"Antalya, Alanya",https://www.bluestarhotel.com,listing
188,Blue Waters Club,"Antalya, Manavgat, Side",https://www.bluewaters.com.tr,listing
308319,Bodrum Bay Resort & Spa,"Muğla, Bodrum, Gümbet",https://www.bodrumbayresorthotel.com,listing
124208,Bodrum Beach Resort,"Muğla, Bodrum, Gümbet",https://www.bodrumbeachresort.com,listing
208854,Bodrum Golden Beach Hotel,"Muğla, Bodrum, Turgutreis",https://www.goldenbeachbodrum.com,listing
416992,Bodrum Greenport Hotel,"Muğla, Bodrum",https://www.bodrumgreenport.com,listing
963,Bodrum Skylife Hotel,"Muğla, Bodrum, Gümbet",https://bodrumskylifehotel.com/,web_search
1019652,Bodrum Vera Hotel,"Muğla, Bodrum",https://bodrumverahotel.com,web_search
592535,Bora Bora Butik Hotel,"Antalya, Alanya",https://info@boraborabutik.com,listing
780912,BoraBora Apart,"Muğla, Bodrum, Bitez",https://www.boraapart.com,listing
1678,Bosphorus Sorgun Hotel,"Antalya, Manavgat, Side",https://www.bosphorussorgun.com,listing
417623,Boutique Hotel Montana,"Muğla, Ortaca",https://www.montanadalyan.net,listing
780939,Bozcaada Vitis Otel,"Çanakkale, Bozcaada",https://www.bozcaadahotelvitis.com,listing
418366,Bozooğulları Hotel,Batman,https://www.hotelbozoogullari.com/,web_search
640800,BVS Bosphorus Resort Hotel & Spa,"Muğla, Bodrum",https://www.bvsbosphorus.com,listing
789504,Calimera Hane Garden Otel,Antalya,http://hanehotels.com,web_search
3844,Calista Luxury Resort Hotel,,https://www.calista.com.tr,listing
1264339,Calyptus Kirman Premium,"Antalya, Manavgat, Side",https://www.kirmanhotels.com.tr,listing
378074,Can Garden Beach Hotel,"Antalya, Manavgat, Side",https://www.cangarden.com,listing
878456,Cape Bodrum Luxury Hotel & Beach,"Muğla, Bodrum",https://www.capebodrum.com,listing
1122,Carelta Beach,"Antalya, Kemer",https://www.careltabeachotel.com,listing
416637,Caretta Caretta Hotel,"Muğla, Ortaca",https://www.carettacarettadalyan.com,web_search
417388,Casa Caria Boutique Hotel,"Muğla, Bodrum, Bardakçı Koyu",https://casacaria.com.tr,listing
137034,Casa De Maris Spa & Resort Hotel Adult Only (+16),"Muğla, Marmaris",https://www.casademaris.com,listing
415650,Casa De Sirena Apart Hotel,Antalya,https://www.casadesirena.com/,listing
17955,Casa Dell Arte Residance,"Muğla, Bodrum, Torba",http://www.casadellartebodrum.com,listing
9709,Casa dell’Arte Hotel of Arts & Leisure,"Muğla, Bodrum, Torba",http://www.casadellartebodrum.com,listing
1018416,Casa Fora Beach Resort,"Antalya, Manavgat",https://www.casaforahotel.com,web_search
1017793,Casa Ja Voi Hotel,Muğla,https://www.casajavoi.net,web_search
783104,Casa Tuana Alaçatı,"İzmir, Çeşme",https://www.instagram.com/casatuanaalacati/,social
859913,Catamaran Otel,"Muğla, Bodrum, Gündoğan",https://katamaranhotel.com,web_search
873700,Ces Club Hotel,"Antalya, Manavgat",https://www.cesclubhotel.com,listing
873086,Chingene Glamping,"Antalya, Kumluca",https://www.chingeneglamping.com,listing
626995,City Life Demir Hotel,"Muğla, Fethiye",http://www.citydemirhotel.com/,listing
225040,City Live Otel,"Antalya, Muratpaşa",https://www.citylivehotel.com,listing
1284863,CK Hotel,"Kars, Sarıkamış",https://ckkonaklama.com.tr/,listing
103,CLC Apollonium Spa & Beach Resort,"Muğla, Milas",https://www.apolloniumturkey.com/,listing
640758,Cleopatra Tac Hotel,"Antalya, Alanya",https://www.cleopatrajourney.com,listing
1025429,Club & Hotel Letoonia Fethiye,"Muğla, Fethiye",https://letoonia@letoonia.com,listing
1131,Club Afrodit Tatil Köyü,"Balıkesir, Edremit",http://www.clubafrodit.com/,listing
207599,Club Antiphellos,"Antalya, Kaş",http://www.clubantiphellos.com/,listing
578,Club Aquarium,"Muğla, Bodrum, Güvercinlik",http://www.clubaquarium.com/,listing
646651,Club Calimera Serra Palace,"Antalya, Manavgat, Side, Kizilot",https://serrapalace.com.tr,web_search
132,Club Dorado,"Muğla, Marmaris, Armutalan",https://www.clubdorado.net,listing
414938,Club Grand Aqua,"Antalya, Manavgat, Side, Colakli",https://www.sezergroup.com,listing
47114,Club Hotel Barbarossa Kaş,"Antalya, Kaş",https://www.hotelbarbarossa.com,listing
1447,Club Hotel Rama,Beldibi,https://www.ramaotel.com,listing
9,Club Hotel Turan Prince World,"Antalya, Manavgat, Side",https://www.turanprince.com.tr,listing
784029,Club Karakaş Apart Otel,"Muğla, Marmaris",https://www.clubkarakas.com,listing
377872,Club Marco Polo,"Antalya, Kemer, Çamyuva",https://www.marcopolo.com.tr,listing
593510,Club Marma Hotel,"Muğla, Bodrum, Akyarlar",https://www.clubmarmahotel.com,listing
1656,Club Mermaid Village,"Antalya, Alanya",https://www.clubmermaid.com,listing
98774,Club Paradiso Hotel & Resort,"Antalya, Alanya",http://www.club-paradiso.net/,listing
208575,Club Resort Atlantis,"İzmir, Seferihisar, Sığacık",https://www.clubresortatlantis.com,listing
673073,Club Sun Heaven Family & Spa,"Antalya, Alanya, Konaklı",https://www.clubsunheaven.com,web_search
145696,Club Turtaş Beach Hotel,,https://www.clubturtas.com,listing
1284497,Club Wasa Holiday Village,"Antalya, Alanya",https://www.clubwasa.com,listing
650,Club Çapa,"Antalya, Kaş",https://www.clubcapa.com,listing
416719,Cocopalm Boutique Hotel Alaçatı,"İzmir, Çeşme, Alaçatı",https://www.cocopalmalacati.com,listing
378452,Concorde Luxury Resort & Casino & Convention & SPA,"Kıbrıs, Bafra",https://www.concordehotel.com.tr,listing
295074,Concordia Celes Hotel,"Kırşehir, Boztepe ",https://www.concordiaceles.com.tr,listing
1264659,"Cook’s Club Adakoy, Marmaris – Adults Only","Muğla, Marmaris",https://www.cooksclubadakoy.com,web_search
2917456,Corendon Hydros Club Kemer,"Antalya, Kemer",https://www.corendonhotels.com,web_search
1333,Costa Bodrum City Otel,"Muğla, Bodrum",https://www.costabodrumcity.com,web_search
1284558,Costa Sarıyaz Hotel,Muğla,https://www.costasariyazhotel.com,web_search
1025270,Costa Viva Bodrum,"Muğla, Bodrum",https://www.costavivabodrum.com,web_search
427,CPAnkara Hotel,"Ankara, Yenimahalle",https://www.cpankara.com.tr,web_search
1285108,Cratos Premium Hotel,"Kıbrıs, Girne",https://www.cratospremium.com,listing
416,Crowne Plaza Kayseri,"Kayseri, Melikgazi",https://www.ihg.com/crowneplaza/hotels/us/en/kayseri/asrks/hoteldetail,web_search
262,Crystal Aura Beach Resort & Spa,"Antalya, Kemer",https://www.crystalhotels.com.tr,listing
873037,Crystal Club World Of Colours,"Antalya, Serik",https://www.crystalhotels.com,listing
180,Crystal Family Comfort Collection,,http://www.crystalhotels.com.tr/de/hotel/crystal-family-resort--spa/18,listing
392,Crystal Flora Beach Resort,,https://www.crystalhotels.com,listing
1210783,Crystal Green Bay Resort & Spa,"Muğla, Bodrum, Güvercinlik",http://www.crystalhotels.com.tr/de/hotel/crystal-green-bay-resort--spa/25,listing
1023769,Crystal Sunrise Queen Luxury Resort & Spa,"Antalya, Manavgat",http://www.crystalhotels.com.tr/de/hotel/crystal-sunrise-queen-luxury-resort--spa/23,listing
256354,Crystal Sunset Pearl Collection,,http://www.crystalhotels.com.tr/de/hotel/crystal-sunset-luxury-resort--spa/22,listing
1264312,Crystal Tat Beach Pearl Collection,"Antalya, Serik, Belek",http://www.crystalhotels.com.tr/de/hotel/crystal-tat-beach-golf-resort--spa/17,listing
878231,Cumbalıca Beach Hotel,"İzmir, Çeşme",https://www.cumbalicahotel.com,web_search
663263,Cunda Bal Konak,"Balıkesir, Ayvalık, Cunda",https://cundabalkonak.com,listing
379065,Cunda Doruk Otel,"Balıkesir, Ayvalık",http://www.cundadoruk.com/,listing
419259,Cunda Esen Otel,"Balıkesir, Ayvalık",https://www.cundaesenotel.com,listing
419547,Cunda Mavi Otel,"Balıkesir, Ayvalık",http://www.cundamavi.com/,listing
143022,Cunda Nesos Otel,"Balıkesir, Ayvalık",http://www.nesosotel.com.tr/,listing
876343,Cunda Paradise Otel,"Balıkesir, Ayvalık, Cunda",https://www.cundaparadiseotel.com,listing
419517,Cunda Zeyna Otel,"Balıkesir, Ayvalık, Cunda",https://www.instagram.com/zeynaotel/,social
995,D Maris Bay,"Muğla, Marmaris",https://www.dhotel.com.tr,listing
1376,D-Resort Göcek,"Muğla, Fethiye, Göcek",http://www.dresortgocek.com/,listing
616,Daima Biz Hotel,"Antalya, Kemer",https://www.daimahotels.com,listing
1765,Dalian Elite Hotel,"İzmir, Çeşme",https://www.facebook.com/dalianelitehotel/,social
593516,Dalyan Hotel Nish Caria,"Muğla, Ortaca",https://dalyanhotelnish.com/,listing
45341,Dalyan Resort Spa,"Muğla, Ortaca, Dalyan ",http://www.dalyanresort.com/english/index.php,listing
416650,Daphnis Hotel,"Muğla, Bodrum, Göltürkbükü",https://www.daphnishotel.com,listing
780952,Datça Masal Gibi,"Muğla, Datça",https://www.instagram.com/masalgibidatca/,social
1210808,De Mare Family Hotel,"Antalya, Alanya, Konaklı",https://www.demarehotel.com.tr,listing
935,Dedeman Club Bodrum,"Muğla, Bodrum",https://www.clubdedeman.com.tr,listing
946051,Dedeman Kemer Resort - Ultra All Inclusive,"Antalya, Kemer",https://www.dedeman.com,web_search
379203,Delphin Apart Hotel,"Antalya, Manavgat, Side",https://www.facebook.com/delphinaparthotel/,social
417438,Delta Hotels By Marriott Yalıkavak,"Muğla, Bodrum",https://www.marriottdeltabodrum.com,listing
269230,Denizkızı Hotel,"Kıbrıs, Girne, Lapta",https://www.denizkizi.com/tr,listing
2916861,Denizkızı Royal,"Kıbrıs, Girne",https://www.denizkizi.com/tr/,listing
416580,Design Plus Seya Beach Hotel,"İzmir, Çeşme, Alaçatı",https://www.labranda.com/de/hotel/seya-beach-hotel.html,listing
308271,Diamond Beach Hotel & Spa,"Antalya, Manavgat, Side",http://www.thediamondhotels.com,listing
308458,Diamond Premium Hotel & Spa,,http://www.thediamondhotels.com,listing
1804,Didim Yacht Club,"Aydın, Didim",https://www.yachtclubdidim.com,web_search
1768,Dilek Ağacı Boutique Hotel,"Muğla, Bodrum",https://www.dilekagaciotel.com,web_search
416911,Dinç Pansiyon,"Muğla, Bodrum",https://www.dincpansiyon.com,web_search
592299,Dionysos Village Hotel,"Muğla, Marmaris, Kumlubük",https://www.dionysoshotel.com.tr,listing
781250,Diva Residence Allsuite Hotel,"Antalya, Kaş",https://www.instagram.com/diva.residence.hotel.kas/,social
221328,Dobedan Beach Resort Comfort ( Ex. Brand Alva Donna Hotels ),"Antalya, Manavgat, Side",https://www.dobedanhotels.com,listing
265960,Dobedan World Palace ( Ex. Brand Alva Donna Hotels ),"Antalya, Kemer, Kiris",https://www.dobedanhotels.com,listing
630644,Dogan Hotel,"Antalya, Kaleiçi",https://doganhotel.com,web_search
416684,Dolphin Apart Hotel,"Muğla, Ortaca",https://www.instagram.com/dolphinapartsarigerme/,social
1020752,Dolphin Boutique Hotel,Burdur,https://dolphinboutiquehotel.com/,listing
1023787,Doria Hotel & Yacht Club Kaş,"Antalya, Kaş",https://www.doriahotelkas.com,listing
163,Doria Hotel Bodrum,"Muğla, Bodrum",https://www.doriahotelbodrum.com,listing
415304,Doris Aytur Otel,"Antalya, Alanya",https://www.hoteldorisaytur.com,listing
1779,Dosi Hotel,"Antalya, Manavgat, Side",https://www.dosihotel.com,listing
415183,Dosinia Luxury Resort,Antalya,http://dosinialuxuryresort.com/,listing
64648,DoubleTree by Hilton Bodrum Işıl Club Ultra All Inclusive Resort,,https://www.hilton.com/en/hotels/bjvtrdi-doubletree-bodrum-isil-club-resort,listing
1025275,DoubleTree By Hilton Bodrum Marina Vista,"Muğla, Bodrum",https://www.hotelmarinavista.com,listing
1298823,DoubleTree by Hilton Kars Sarıkamış,"Kars, Sarıkamış",https://www.doubletreebyhiltonsarikamis.com,listing
872180,Doğruer Boutique Hotel & Spa,"Muğla, Milas",https://www.dogruerhotel.com,listing
1018006,Drala Inn Cappadocia  (+15),Nevşehir,http://dralainncappadocia.com,listing
379223,Dream Of Cappadocia,"Nevşehir, Kapadokya, Uçhisar",http://www.dreamofcappadocia.com/,listing
877630,Dream Town Hotel,"Antalya, Kemer, Tekirova",https://www.dreamtownotel.com,listing
783557,Dreams Bodrum Otel,"Muğla, Bodrum",https://dreamsbodrumhotel.business.site,listing
1434269,Duja Chalet Ski Center,"Kars, Sarıkamış",https://www.dujahotels.com,listing
1022385,Duqqan Deluxe Hotel,"Aydın, Kuşadası",https://www.dabaklarhotel.com,listing
417244,Duru Butik Otel,"Muğla, Bodrum",https://www.instagram.com/durubutikotel/,social
872974,Ebruli Pansiyon Cunda,"Balıkesir, Ayvalık, Cunda",https://www.cundamarinahotel.com,listing
416892,Ece Hotel,"Muğla, Bodrum, Göltürkbükü",http://www.ecehotelbodrum.com,web_search
789782,Eco Farm Boutique Hotel,Muğla,https://ecofarmbodrum.com,web_search
1586,Eden Pyara Hotel Turunc,"Muğla, Marmaris, Turunç",https://www.oteleden.com,listing
689,El Vino Hotels & Suites,"Muğla, Bodrum",https://www.elvinobodrum.com,listing
891018,Ela Excellence Resort Belek,,https://www.elaresort.com,listing
781348,Elamir Beach Bungalow Hotel,"Antalya, Kemer",https://elamirbeachbungalow.com,web_search
378462,Elamir Grand Lukullus,"Antalya, Kemer",https://info@lukullushotel.com,listing
781396,Elamir Magic Dream Hotel,"Antalya, Kemer",https://www.botanikresorthotel.com,listing
781392,Elamir Resort Hotel,"Antalya, Kemer",https://www.elamirresorthotels.com/,listing
781593,Elanis Suites Hotel,"Antalya, Muratpaşa",https://www.elanissuiteshotel.com,listing
872961,Elementa Boutique Hotel,Muğla,https://www.elementahotels.com,web_search
419156,Eles Butik Otel,"Muğla, Bodrum, Akyarlar",https://www.elesotel.com,listing
784499,Elevres Stone House Hotel,"Nevşehir, Kapadokya",http://www.elevresotel.com/index.php,listing
592657,Elexus Hotel Resort & Casino & Spa,"Kıbrıs, Girne",https://www.elexushotel.com,listing
874362,Elijah Hotel,"Antalya, Kemer",https://www.elijahotel.com,listing
414989,Elips Royal Hotel & Spa,Antalya,https://www.elipsroyal.com/,listing
327061,Elit Life Hotel,"Antalya, Kemer, Çamyuva",https://www.besobeachhotel.com,listing
1189,Elite Hotels Yalıkavak,"Muğla, Bodrum, Yalıkavak ",http://www.elitehotels.com.tr,listing
1023539,Elite World GO Van Edremit,,https://www.eliteworldhotels.com.tr,web_search
137065,Elite World Kuşadası,"Aydın, Kuşadası",https://www.marinahotelkusadasi.com,listing
874780,Elite World Resort Mersin Silifke,"Mersin, Silifke",https://www.marvistahotel.com,listing
881907,Elitium Dizayn Termal Otel,"Aydın, Germencik",https://www.elitiumdizayntermalhotel.com,web_search
890895,Ella Alaçatı Otel,"İzmir, Çeşme",https://www.facebook.com/ellaalacatiotel/,social
872091,Elysium Green Suites,"Antalya, Muratpaşa",https://www.elysiumgreensuites.com,listing
294860,Enda Boutique Hotel,"Antalya, Kaş, Kalkan",https://www.endaboutiquehotel.com,listing
876515,Ephesus Hitit Hotel,"İzmir, Selçuk",https://www.hitithotel.com.tr/,listing
1021544,Eraliz Otel,"İzmir, Buca",https://www.eralizpansiyon.com,web_search
872579,Erdek Talia Beach Hotel,"Balıkesir, Erdek",https://www.erdeksunbeachhotel.com/,listing
376885,Erdem City Hotel,"Antalya, Kaş",http://www.erdemcity.com/,listing
859,Ergin Hotel,"Balıkesir, Ayvalık",https://erginotel.com.tr/,web_search
1284514,Ertan Otel,"İzmir, Çeşme",https://www.ertanhotel.com,listing
781557,Esmeralda Butik Hotel,"Antalya, Manavgat",https://esmeraldabutik.com,web_search
414869,Espina Hotel,"Antalya, Muratpaşa",http://espinahotel.com,web_search
419168,Espira by Antioch,"İzmir, Urla",https://www.espirabyantioch.com,listing
1017524,Esvida Arzum Bungalov Olimpos,"Antalya, Kumluca, Olimpos",https://www.facebook.com/arzumpansiyonolimpos/,social
378052,Euphoria Palm Beach Resort,"Antalya, Manavgat, Side",https://www.euphoriahotels.com,listing
126919,Fame Residence Göynük,"Antalya, Kemer, Göynük",http://www.famehotels.com/tr/anasayfagoynuk.php,listing
308356,Fame Residence Kemer,"Bolu, Göynük ",http://www.famehotels.com/hotel.asp,listing
1264322,Fame Residence Lara,"Antalya, Muratpaşa, Lara ",http://www.famehotels.com/tr/anasayfa.php,listing
64148,Fantasia De Luxe Kuşadası,"Aydın, Kuşadası",https://www.fantasia.com.tr,listing
626503,Faros Hotel Bodrum Göltürkbükü,"Muğla, Bodrum, Göltürkbükü",https://www.farosbodrum.com,listing
878282,Faros Premium Beach +16 Adult Only,"Muğla, Marmaris",https://premium.faroshotels.com,web_search
1159,Faustina Hotel,"Aydın, Kuşadası, Guzelcamli",https://www.hotelfaustina.com,listing
123617,Felice Hotel,"Antalya, Kemer",https://felicehotel.com,web_search
1019485,Flora Boheme Çeşme,"İzmir, Çeşme",https://www.instagram.com/floraboheme/,social
1203,Flora Garden Beach (+16 Adults Only),"Antalya, Manavgat, Side",https://www.floragardenhotels.com,listing
292,Flora Hotel Bodrum,"Muğla, Bodrum, Gümbet",https://www.florahotelbodrum.com,listing
151717,Floria Beach Hotel,"Antalya, Alanya",https://www.floriabeachhotel.com,listing
882700,Flow Datça Surf & Beach Hotel,"Muğla, Datça",http://www.flowdatca.com/#flow,listing
17,Forever Club (14+),"Muğla, Bodrum",https://www.foreverclub.com,listing
247,Fortuna Beach Hotel,,https://www.fortunabeachhotel.com,listing
946033,Fortunella Suites & Villas,"Antalya, Finike",https://www.finiketatili.com.tr,listing
419009,Foçamor Otel,"İzmir, Foça",https://www.focamor.com,listing
419280,Fragrante Hotel - Adult Only +13,"Balıkesir, Ayvalık, Cunda",https://www.fragrantehotel.com,web_search
313675,Fun & Sun Family Club Saphire,"Antalya, Kemer, Tekirova",https://www.larissahotels.com,listing
116285,Fun & Sun Smart Club Hotel Mirabell,"Antalya, Alanya, Konaklı",https://www.mirabellotel.com.tr,listing
881886,Fun Hill Resort Hotel,"Antalya, Alanya",https://funhillresorthotel.com.tr/,web_search
1298757,Garden Butik & Apart Hotel,"Aydın, Didim, Akbuk",https://www.gardenhotelakbuk.com,listing
342,Gardenia Beach Hotel,"Antalya, Alanya",https://www.gardeniahotels.com,listing
374,Gardenia Hotel,"Antalya, Alanya",https://www.gardeniahotels.com,listing
872834,Get Enjoy Hotel,"Antalya, Kemer",https://www.getenjoyhotels.com/,listing
681,Golden Life Resort Hotel & Spa,"Muğla, Fethiye",https://www.goldenlifehotels.com,listing
1025226,Golden Rose Deluxe Hotel ( Ex. Rose Bay Hotel Manisa ),"Manisa, Merkez",https://www.goldenrosedeluxe.com,web_search
1017498,Golden Rose Otel,"Antalya, Kaş",https://www.goldenrosehotelkas.com,listing
378031,Golden Star Hotel,"Muğla, Marmaris",http://www.goldenstarhoteldn.com/,listing
640689,Grand Alisa Otel ( Ex. Royalisa Hotel ),"Antalya, Alanya",https://www.royalisahotel.com/,listing
388,Grand Anzac Hotel,Çanakkale,https://www.anzachotels.com,web_search
859811,Grand Aquarium Hotel,"Muğla, Marmaris",http://aquariumhotels.com/,listing
294799,Grand Atilla Hotel,"Antalya, Alanya",https://www.grandatillaotel.com.tr,listing
1200279,Grand Belish Hotel,"Aydın, Kuşadası",http://wwwgrandbelish.com,listing
968,Grand Cettia Hotel,"Muğla, Marmaris",https://www.cettia.com,listing
45,Grand Hotel Temizel,,http://www.temizel.com.tr,listing
79775,Grand Milano Hotel,"Balıkesir, Ayvalık, Sarımsaklı",https://www.grandmilanohotel.com,listing
701,Grand Park Lara,"Antalya, Muratpaşa, Lara ",https://www.corendonhotels.com.tr,listing
260,Grand Yazıcı Club Marmaris Palace,"Muğla, Marmaris",https://www.grandyazicihotels.com,listing
278,Grand Yazıcı Club Turban Thermal Hotel,"Muğla, Marmaris",https://www.grandyazicihotels.com,listing
932,Grand Yazıcı Torba Beach Club,"Muğla, Bodrum, Torba",https://www.grandyazici.com,listing
295243,Green Beach Hotels,"Antalya, Kaş, Kalkan",https://www.greenbeachhotels.com,web_search
273,Green Garden Resort Hotel,"Antalya, Alanya",https://www.greengardenapart.com,listing
368,Green Gold Hotel,"Aydın, Kuşadası, Guzelcamli",https://www.greengoldhotel.com,listing
780973,Green Heaven Boutique Hotel,"Muğla, Marmaris, Selimiye",https://greenboutique.com.tr/,listing
1315,Green Nature Resort & Spa,"Muğla, Marmaris, Armutalan",https://www.greennatureresortspa.com,web_search
378040,Greenblue Hotel Patara,"Antalya, Kaş, Patara",https://greenbluehotel.com/,web_search
84184,Gulet Otel,"Muğla, Bodrum",https://guletotel.com,web_search
673034,Gypsophila Holiday Village,"Antalya, Alanya, Okurcalar",https://www.gypsophila.net/,web_search
875812,Güllük Yalı Boutique Hotel,"Muğla, Milas",https://www.gullukyaliboutiqueotel.com/gulluk-yali-boutique-otel,listing
417473,Gümbet Cove Hotel,"Muğla, Bodrum, Gümbet",https://www.gumbetcovehotel.com,web_search
416906,Günay Hotel,"Muğla, Bodrum",https://www.bodrumgunayotel.com,web_search
1019978,Gündoğan Suites,"Muğla, Bodrum",https://gundogansuites.com,web_search
109373,Habesos Hotel,"Antalya, Kaş",http://www.habesoshotel.com,listing
594,Han Deluxe Hotel,"Muğla, Marmaris, Hisarönü",https://www.hanhotel.com,listing
240686,Han Royal Hotel,"Muğla, Datça",http://www.hanroyalhotels.com/,listing
673186,Hane Hotel,"Antalya, Manavgat, Side",https://hanehotels.com,web_search
166,Hapimag Sea Garden Resort Bodrum,,https://www.hapimag-seagarden.com.tr,listing
559,Happy Apart Hotel Kuşadası,"Aydın, Kuşadası",http://www.happyapart.com/contact,listing
488,Happy Hotel Kalkan,"Antalya, Kaş, Kalkan",https://www.happykalkan.com,listing
146524,Has Cave Konak,"Nevşehir, Ürgüp",https://info@hassecavekonak.com,listing
878108,Havasu Park Bungalow,"Antalya, Kumluca",https://www.havasupark.com,web_search
781158,Hawaii Suite Beach Hotel,"Antalya, Alanya",https://www.hawaiisuitebeachhotel.com,listing
416542,Haydarpasha Palace,"Antalya, Alanya",https://www.haydarpashapalace.com,listing
874349,Heart De Masion,"Antalya, Kemer",https://www.heartdemaison.com,web_search
415059,Helios Hotel,"Antalya, Manavgat, Side",https://www.helioshotelside.com,listing
45413,Hemerans Anatolia Otel,"Antalya, Kemer, Çıralı",https://hemeransanatolia.com/,listing
45192,Hera Hotel Kaş,"Antalya, Kaş",https://www.herahotel.com.tr,web_search
785128,Heritage Cave Suites,"Nevşehir, Kapadokya",https://www.heritagecavesuites.com,web_search
244393,Hildegard Hotel,"Antalya, Alanya",https://www.hildegardhotel.com,listing
738,Hillside Beach Club,"Muğla, Fethiye",https://hillsidebeachclub.com,listing
82,Hilton Bodrum Turkbuku Resort & Spa - All Inclusive,"Muğla, Bodrum, Göltürkbükü",https://www.bodrumturkbuku.hilton.com,listing
228,Hilton Dalaman Sarıgerme Resort & Spa,,https://www.hiltondalaman.com,listing
673039,Holiday Garden Resort,"Antalya, Alanya, Okurcalar",https://holidaygardenresort.com,web_search
945963,Holiday Inn Express Ankara - Airport,"Ankara, Akyurt",https://www.hiexankaraairport.com,web_search
295355,Holiday Park Resort,"Kırşehir, Boztepe ",https://holidayparkresort.com.tr/,web_search
377885,Horus Paradise Luxury Resort,"Antalya, Manavgat, Side",https://www.horusparadise.com,listing
1018041,Hotel B House Alaçatı,"İzmir, Çeşme, Alaçatı",http://www.hotelbhousealacati.com/,listing
1017981,Hotel Baba,"Muğla, Bodrum",https://www.hotelbaba.com.tr,web_search
873441,Hotel Bleu Nuit,"Muğla, Bodrum, Gümbet",https://www.viebleuhotels.com,listing
80767,Hotel Cachet,"Antalya, Kaş",https://www.hotelcachet.com,listing
871901,Hotel Caeli,"Çanakkale, Eceabat",https://www.caeli.com.tr,web_search
646681,Hotel Erol,"Balıkesir, Ayvalık",https://www.hotelerol.com,listing
1018459,Hotel Gold Stone,"Antalya, Kemer",http://www.hotelgoldstone.com,web_search
414844,Hotel Golden Sun +12 Adult Only,Beldibi,https://www.otelgoldensun.com/,listing
114,Hotel Karbel Sun,"Muğla, Fethiye",http://www.karbelsun.com/tr/anasayfa/,listing
419817,Hotel Milestone 1915,"Çanakkale, Gelibolu",http://www.milestone1915.com,web_search
672469,Hotel Orhan Aydın,Aydın,https://hotelorhan.com,listing
782229,Hotel Palm Beach Arsuz,"Hatay, İskenderun",https://www.palmbeacharsuz.com,listing
108488,Hotel Pataros Patara,"Antalya, Kaş, Patara",https://hotelpataros.com,web_search
416925,Hotel Pelin,"Muğla, Fethiye",http://www.hotelpelin.com.tr/english,listing
140215,Hotel Sinatra,"Antalya, Kemer, Çamyuva",https://hotelsinatra.com,web_search
127755,Hotel Titan Garden,"Antalya, Alanya",http://www.titanhotels.com,listing
1264330,Hotel Turan Prince,"Antalya, Manavgat, Side",https://www.turanprince.com.tr,listing
592521,Hotel Xoria Deluxe,"Antalya, Alanya, Payallar",https://www.xoriadeluxe.com/,listing
64597,Hotel Ölüdeniz,"Muğla, Fethiye, Ölüdeniz",https://www.oludenizotel.com,listing
1210702,Hotella Resort & Spa,"Antalya, Serik, Belek",https://www.hotella.com.tr,web_search
593612,Huzur Royal Otel,"Muğla, Datça",https://www.huzurroyalotel.com,listing
1589,Iko Melisa Garden Hotel - Kemer,"Antalya, Kemer",https://www.ikomelisagarden.com,listing
1504,Imperial Palace Hotel,"Antalya, Kemer",http://www.obengrup.com/oben-grup-sirketler/imperial-palace-hotel/,web_search
672986,Innvista Belek Antalya,"Antalya, Serik",https://www.innvistahotels.com,listing
1210652,Irmak Boutique Hotel,"Muğla, Bodrum, Ortakent",https://www.irmakboutiquehotel.com,listing
1017815,İbak Apartments,"Muğla, Bodrum, Gümüşlük",https://www.otelgumusluk.com,listing
1021510,İbos Hotels İzmir,"İzmir, Konak",https://iboshotels.com.tr,listing
46634,İlayda Hotel Kuşadası,"Aydın, Kuşadası",https://www.ilaydaavantgarde.com,web_search
225280,İllusion Beach Club Hotel + 16,"Antalya, Alanya",https://www.illusionhotels.com,listing
672931,İnce Hotel,"Antalya, Kaş",https://www.incehotel.com,listing
1604,İris Hotel & Spa,"Çanakkale, Güzelyalı",https://www.irisotel.com,listing
873008,İstanbul Beach Hotel,,https://www.istanbulbeachhotel.com,listing
872735,Jasmine Marmaris,"Muğla, Marmaris, İçmeler ",https://www.jasminemarmaris.com,web_search
445,Juju Premier Palace,"Antalya, Kemer",https://rezervasyon@premierpalace.com.tr,listing
192,Julian Club Hotel,"Muğla, Marmaris",https://julianhotels.com,web_search
212,Julian Forest Suites,"Muğla, Marmaris, İçmeler ",https://julianforest.julianhotels.com,web_search
1025441,Jura Hotels Bodrum Resort,"Muğla, Bodrum",https://www.jurahotels.com.tr,listing
1023969,Jura Hotels Kemer Resort,"Antalya, Kemer",https://www.jurahotelskemer.com,listing
128912,Justiniano Club Alanya,,https://www.justinianohotels.com.tr,listing
26,Justiniano Club Park Conti,"Antalya, Alanya",http://www.justinianohotels.com/tr/hotel/deluxe-resort/,listing
847,Justiniano Deluxe Resort,"Antalya, Alanya",https://www.justinianohotels.com.tr,listing
1210744,Kadagan Suite Ayasaranda,"İzmir, Çeşme",https://kadagansuites.com.tr,web_search
1025302,Kahveci Alibey Hotel,"Muğla, Marmaris",http://kahvecialibeyhotel.com/,listing
1020859,Kahya Hotel Kleopatra,Antalya,https://www.kahyahotels.com,listing
377920,Kahya Resort Aqua & Spa,"Antalya, Alanya, Payallar",https://www.kahyaresort.com,listing
628,Kairaba Bodrum Imperial,"Muğla, Bodrum",https://www.tthotels.com,listing
1514,Kalamar Hotel Kalkan (+7),"Antalya, Kaş, Kalkan",https://www.kalamarhotel.com,listing
377972,Kaliptus Hotel,"Antalya, Kemer",https://www.instagram.com/kaliptushotel/,social
878049,Kalkan Sultan Hotel,"Antalya, Kaş",https://kalkansultanhotel.com,listing
1023581,Kamkat Otel,Antalya,https://kamkatotel.com/,listing
1017861,Kappadoks Cave Hotel,Nevşehir,https://www.kappadoks.com,listing
877333,Kaptanhan Pansiyon,"Muğla, Milas",https://www.kaptanhanbutikotel.com,web_search
1018546,Karaoz Light House,"Antalya, Kumluca",https://www.karaozlighthouse.com,web_search
416895,Karianda Hotel,"Muğla, Bodrum",https://karianda.com,listing
785150,Karlık Cave Suite,"Nevşehir, Kapadokya",https://www.karlikcave.com/,listing
540,Karmir Resort & Spa,"Antalya, Kemer",http://www.karmirhotel.com,listing
789680,Kaya Apartments,Antalya,https://info@kayaapartmentskalkan.com,listing
2472092,Kaya Artemis Resort Casino,"Kıbrıs, Bafra",https://kayahotels.com/tr/oteller/kaya-artemis-resort-casino,listing
1264444,Kaya Palazzo Resort & Casino,"Kıbrıs, Girne",https://www.kayahotels.com,listing
415234,Kayalar Hotel,"Antalya, Muratpaşa",https://kayalarotel.com/,web_search
1024256,Kazdağları İda Natura Bungalov Otel,"Balıkesir, Edremit",https://www.idanatura.com,listing
871823,Kaş Zeytin Otel,"Antalya, Kaş",https://www.instagram.com/kas_zeytin_hotel/,social
1017767,Kefi Beach & Suites,"Muğla, Bodrum, Ortakent",https://www.kefibodrum.com,listing
113191,Kekova Hotel,"Antalya, Kaş",http://www.hotelkekova.com,web_search
593734,Kemal Bay Hotel,"Antalya, Alanya, Konaklı",https://www.atligroup.com,listing
94,Kempinski Hotel Barbaros Bay Bodrum,"Muğla, Bodrum, Yalıçiftlik",https://www.kempinski.com/Tr/Bodrum,listing
873719,Khai Hotel Bodrum,"Muğla, Bodrum, Ortakent",http://www.khaibodrum.com/,listing
321278,Kimeros Park Holiday Village,"Antalya, Kemer",https://www.kimeroshotels.com,listing
874665,Kiraz Beach Otel,"Balıkesir, Erdek",https://kirazbeachotel.com/,listing
1264338,Kirman Belazur Resort & SPA,"Antalya, Serik, Belek",https://www.kirmanhotels.com.tr,listing
54283,Klas Dom Hotel,"Antalya, Alanya, Mahmutlar",https://www.klasshotels.net,listing
139784,Kleopatra Ada Hotel,"Antalya, Alanya",https://www.kleopatraadahotel.com,listing
173754,Kleopatra Arsi Otel,"Antalya, Alanya",https://www.arsihotels.com,listing
247173,Kleopatra Aydın Otel,"Antalya, Alanya",https://kleopatraaydinhotel.com,web_search
135148,Kleopatra Bavyera Hotel,"Antalya, Alanya",https://kleopatrahotels.com/,web_search
135145,Kleopatra Bebek Otel,"Antalya, Alanya",https://kleopatrahotels.com,web_search
108799,Kleopatra Carina Otel,"Antalya, Alanya",https://www.kleopatracarina.com/,web_search
210471,Kleopatra Fatih Hotel,"Antalya, Alanya",https://www.fatihotel.com.tr,web_search
891019,Kleopatra Life Otel,"Antalya, Alanya",https://www.kleopatralife.com,listing
116302,Kleopatra Micador Hotel,"Antalya, Alanya",https://www.micadorhotel.com,web_search
139785,Kleopatra Royal Palm Hotel,"Antalya, Alanya",https://www.feriahotels.com,listing
181699,Kleopatra Suit Otel,"Antalya, Alanya",https://www.kleopatrasuit.com.tr,listing
1871,Knidos Butik Otel,"Muğla, Datça",http://www.knidosbutik.com/,listing
414987,Koala Bungalows,"Antalya, Kumluca",https://www.koalabungalow.com,web_search
149747,Konakli Nergis Hotel,"Antalya, Alanya, Konaklı",https://www.konaklinergishotel.com,listing
96702,Korsan Ada,"Antalya, Kaş",https://www.kaskorsanadahotel.com,listing
54301,Kristal Beach Hotel,"Antalya, Konyaaltı",https://kristal-hotel.com,web_search
781254,Kuluhana Hotel & Villas,"Antalya, Kaş",https://hotelkuluhana.com,web_search
419372,Kutlugün Sahil Otel,"Balıkesir, Edremit, Akçay ",https://www.facebook.com/p/Kutlug%C3%BCn-Sahil-Otel-100068175579881/,social
1284535,Kuça Otel Urla,"İzmir, Urla",https://kucaurla.com/,listing
25,Kuştur Club Holiday Village,"Aydın, Kuşadası",https://www.kusturclub.com,listing
859897,Kıvanç Hotel,"Muğla, Bodrum, Yalıkavak ",https://kivanchotel.com,listing
229038,La Blanche Island Bodrum,,https://www.lablancheisland.com,listing
945,La Blanche Resort & Spa Hotel,"Muğla, Bodrum, Turgutreis",https://www.lablanchehotel.com,listing
873138,La Hoya Beach Hotel,"Antalya, Kemer",https://www.lahoyabeachhotel.com,listing
1023745,La Kumsal Hotel,"Antalya, Kaş",https://www.lakumsal.com,listing
840,La Petra Otel,"İzmir, Foça",https://www.lapetraakalin.com,listing
378050,Laberna Hotel,"Muğla, Marmaris",https://www.facebook.com/laberna.hotel/,social
3379,Labranda TMT Bodrum Resort,"Muğla, Bodrum",https://www.labrandahotels.com,listing
781682,Ladonia Hotels Adakule,"Aydın, Kuşadası",https://www.ladoniahotels.com,listing
1264712,Ladonia Hotels Zemda Boutique,"Muğla, Bodrum",http://www.zemdahotel.com/,listing
1020770,Laledan Hotel,"İzmir, Çeşme",https://WWW.LALEDANOTEL.COM,listing
1024255,Lambada Otel Altınoluk,"Balıkesir, Edremit",https://www.lambadaotel.com,listing
1828,Lara Hadrianus Hotel,"Antalya, Muratpaşa, Lara ",https://www.larahadrianushotel.com,listing
1017511,Lara Olympos Hotel,"Antalya, Muratpaşa, Lara ",https://laraolympos.com/,listing
672442,Laren Seaside Hotel & Spa,"Antalya, Muratpaşa",http://www.larenbusinesshotel.com,listing
379098,Larissa Hill Beach Hotel,"Antalya, Alanya",https://www.larissahotels.com,listing
1023981,Larissa Holiday Beach,"Antalya, Alanya",https://www.larissahotels.com/holiday-beach-club,listing
567,Larissa Mare Beach Hotel,Beldibi,http://marebeach.larissahotels.com,listing
344,Larissa Sultans Beach,"Antalya, Kemer, Çamyuva",https://www.larissahotels.com.tr,listing
64667,Latanya Park Resort,"Muğla, Bodrum, Yalıçiftlik",https://www.latanyaparkresort.com,listing
872730,Lavender Otel Çeşme,"İzmir, Çeşme",https://lavenderotels.com,web_search
781968,Lavinya Otel Bozcaada,"Çanakkale, Bozcaada",https://lavinyaotel.com,web_search
872927,Le Bleu Hotel & Resort,"Aydın, Kuşadası",https://www.lebleuhotel.com.tr,listing
107,Le Jardin Resort,"Antalya, Kemer, Kiris",https://www.qprhotels.com,listing
789505,Le Monde Beach Resort & Spa,İzmir,https://www.halicparkresort.com,listing
46716,Leda Beach Hotel,"Antalya, Manavgat, Side",https://www.ledabeachhotel.com,listing
416939,Lemon Garden Türkbükü,"Muğla, Bodrum, Türkbükü",https://www.instagram.com/lemongardenturkbuku/,social
871903,Letoon Plus Hotel,"Aydın, Didim",https://www.didimletoonotel.com,listing
87161,Levent Hotel Fethiye,"Muğla, Fethiye",https://www.leventhotelfethiye.com,listing
780956,Life Point Butik Hotel,"İzmir, Çeşme",https://lifepointhotel.com.tr,listing
1020733,Light House Hotel,,https://www.lighthousebodrum.com.tr,listing
884,Likya Pavilion Hotel,"Antalya, Kaş, Kalkan",http://www.likyapavilionhotel.com/,listing
377969,Likya Residence Hotel & Spa,"Antalya, Kaş, Kalkan",https://www.likyaresidence.com,listing
592777,Likya Road Resort Hotel,"Muğla, Seydikemer",https://www.likyaroad.com,listing
1239875,Limak Atlantis De Luxe Hotel & Resort,,https://www.limakhotels.com,listing
28,Limak Lara Deluxe Hotel & Resort,,https://www.limakhotels.com,listing
844,Limak Limra Club Park Hotel,"Antalya, Kemer, Kiris",https://www.limakhotels.com,listing
18,Limak Limra Hotels & Resort,"Antalya, Kemer",https://www.limakhotels.com,listing
781970,Lime Bozcaada,"Çanakkale, Bozcaada",http://www.limebozcaada.com,web_search
874570,Limnos Otel,"Çanakkale, Gökçeada",https://www.gokceadalimnosotel.com/,listing
1018008,Linaden Apart,"Antalya, Kumluca, Adrasan",https://www.instagram.com/linadenapart.07/,social
640925,Linda Beach Hotel,"Antalya, Kaş",http://www.kaslindahotel.com/lindabeach/default.asp,listing
759,Linda Resort Hotel,"Antalya, Manavgat, Side",https://www.lindaresorthotel.com,listing
872924,Linda Sunny Beach Hotel,"Antalya, Manavgat",https://www.lindasunnybeach.com,listing
785923,Lion Park Suites & Residence Otel,Aydın,http://www.lionpark.com.tr,web_search
953,Liparis Resort Hotel & Spa,Mersin,http://www.liparis.com.tr/,listing
325,Lissiya Hotel,"Muğla, Fethiye",https://www.lissiyahotel.com,listing
1017613,Londra Inn Hotel,Edirne,https://londrainn.com,listing
263,Lonicera World Hotel,"Antalya, Alanya",https://www.lonicera.com.tr,listing
592660,Lord's Palace Hotel & Spa & Casino,"Kıbrıs, Girne",https://www.lordspalace.com,listing
1024219,Lucas Didim Resort,"Aydın, Didim",https://www.tarhanserenity.com,listing
1210713,Lulu İnn Çeşme,"İzmir, Çeşme",https://www.luluinhotel.com,web_search
311,Luna Blanca Resort & Spa,"Antalya, Manavgat, Side",https://www.lunablancahotel.com,listing
1284454,Luna Blanca Resort & Spa,"Antalya, Manavgat, Side",https://www.lunablancahotel.com,listing
1210843,Lusso Glamping,"Muğla, Bodrum, Türkbükü",http://www.lussoglamping.com,web_search
104814,Lvzz Hotel,"Muğla, Bodrum",http://www.lvzzhotel.com/,listing
1017515,Lycia Dolce Vita,"Antalya, Kumluca, Olimpos",https://www.instagram.com/lyciadolcevita_olympos/,social
416841,M Suite Hotel,"Muğla, Bodrum, Gümbet",https://www.msuitehotels.com/tr/,listing
417419,M2 Otel,"Muğla, Bodrum, Gümbet",https://www.m2hotel.com.tr,web_search
1019523,Ma-Si Urla Hotel,"İzmir, Urla",https://siurla.com,web_search
890961,Magna Manastır Suit Hotel,"Muğla, Bodrum",https://www.manastirhotel.com,listing
781690,Maia Luxury Beach Hotel & Spa,"Aydın, Kuşadası",https://www.maiabeachhotel.com,listing
874383,Maison Green Hill,"Antalya, Manavgat",https://www.maisongreenhill.com,listing
640916,Majeste Hotel Bodrum,"Muğla, Bodrum, Gümbet",https://www.majestehotel.com,listing
876332,Maki Hotel,"Antalya, Kaş",http://kasmakihotel.com,web_search
946062,Malibu Garden Resort Hotel,"Antalya, Kemer, Kiris",https://www.maliburesorthotel.com,listing
1210787,Malta Hotel Bodrum,Muğla,https://www.instagram.com/maltahotel_bodrum/,social
1025271,Manaspark Deluxe Hotel,"Muğla, Fethiye",https://www.manaspark.com,listing
46919,Mandarin & Mango Boutique Hotel,"Muğla, Fethiye, Faralya",https://www.villamandarin.com,listing
1025330,Manzara Boutique Hotel,"Muğla, Bodrum",https://www.manzarahotels.com,listing
295325,Marbas Select Beach +14,"Muğla, Marmaris, İçmeler ",https://www.marbashotel.com,listing
119556,Marbel Hotel By Palmwings,"Aydın, Kuşadası",https://ww. marbelpalmwings.com.tr,listing
783593,Mare Garden Hotel,"Muğla, Bodrum",https://www.maregarden.com,listing
1284489,Marin Hotel,Beldibi,https://www.marin.com.tr,listing
783516,Marin Yalıkavak,"Muğla, Bodrum",https://www.marinyalikavak.com/,listing
377978,Marisol Boutique Hotel,"Muğla, Bodrum, Gündoğan",https://www.marisolhotel.com,listing
672838,Marma Beach Hotel,,https://www.hotelmarmabeach.com,listing
872161,Marmaris Bay Resort By MP Hotels +16,,https://marmarisbayresort.com,web_search
712,Martı Hemithea Hotel,"Muğla, Marmaris",http://www.marti.com.tr/en/marti-hemithea/general-overview,listing
1025245,Martı La Perla (+16),"Muğla, Marmaris",https://www.marti.com.tr,listing
1264730,Marvida Senses Very Chic Bodrum Adult Only +18,"Muğla, Bodrum",https://marvidahotels.com/hotels/marvida-senses-very-chic,web_search
876403,Mavi Beyaz Otel Datça ( Merkez ),"Muğla, Datça",https://www.louiseinkonagi.com/,listing
148355,Mavi Suite Otel Türkbükü,"Muğla, Bodrum, Göltürkbükü",https://www.mavisuiteturkbuku.com,listing
414985,Mavilim Otel,"Antalya, Kaş",https://www.mavilimotel.com,web_search
871790,Medis Resort Hotel,"İzmir, Çeşme",http://www.medisresorthotel.com/,listing
46054,Mediterra Art Hotel,"Antalya, Kaleiçi",https://www.mediterraarthotel.com,listing
672826,Medos Hotel Kuşadası,"Aydın, Kuşadası, Guzelcamli",http://www.medoshotel.com,listing
874791,Mega Bodrum Gümbet,"Muğla, Bodrum",https://www.megabodrumgumbet.com,web_search
308288,Megasaray Club Belek,,https://www.clubmegasaray.com.tr,listing
1023577,Megasaray Resort Side,"Antalya, Manavgat, Side",https://www.megasarayhotels.com,web_search
878102,Megasaray WestBeach Antalya,"Antalya, Konyaaltı",https://www.megasarayhotels.com,listing
225908,Megaş Hotel,"Balıkesir, Ayvalık",http://www.megashotel.com.tr/,listing
1017817,Megg's Beach Hotel,"Muğla, Bodrum, Ortakent",http://www.meggsbodrum.com,web_search
672913,Mekvin Hotels Deniz Feneri Lighthouse +12 Adult Only,"Antalya, Kaş",https://www.mekvinhotels.com/denizfenerilighthouse,listing
1239689,Melas Tatil Köyü,"Antalya, Manavgat, Side",https://www.melashotels.com,listing
115678,Melissa Garden Apart Hotel,"Antalya, Manavgat, Side",https://www.sidemelissagarden.com,web_search
592337,Mendos Garden Exclusive Hotel,"Muğla, Fethiye",http://www.hotelmendos.com/,listing
3099880,Mercure Antalya Belek,"Antalya, Serik, Belek",https://www.all.accor.com,listing
45167,Merhaba Pansiyon,"Muğla, Bodrum",https://www.merhabaotel.com,listing
416644,Merih Butik Otel,"Muğla, Bodrum",https://www.merihbutikhotel.com,web_search
1242088,Merit Lefkoşa Hotel & Casino,"Kıbrıs, Lefkoşa",https://www.merithotels.com/tur/merit-lefkosa-hotel,listing
1264450,Merit Park Hotel & Casino,"Kıbrıs, Girne",https://www.merithotels.com/tur/merit-park-hotel,listing
1242191,Merit Royal & Casino & Spa,"Kıbrıs, Girne",https://www.merithotels.com/tur/merit-royal-hotel,listing
2471822,Merit Royal Premium Hotel & Casino & Spa,"Kıbrıs, Girne",https://www.merithotels.com/tur/merit-royal-premium-hotel,listing
416674,Mersin Princess Hotel & Spa,Mersin,https://www.mersinprincesshotels.com/,listing
415051,Mert Hotel,"Antalya, Konyaaltı",https://www.facebook.com/MERTPANSiYONBELDiBi/,social
873120,METT Hotel & Beach Resort Bodrum,"Muğla, Bodrum",https://www.metthotelsandresorts.com/bodrum,web_search
1017806,Meu La Boutique Otel,"Muğla, Bodrum, Gümbet",https://www.facebook.com/meubodrumhotel/,social
873588,MGallery The Bodrum Hotel Yalıkavak,"Muğla, Bodrum, Yalıkavak ",https://www.mgallerybodrum.com/,listing
1210719,Milagre Cave Cappadocia,"Nevşehir, Göreme",https://milagrecavehotel.com,web_search
226392,Mini Saray Hotel,"Antalya, Kaş, Kalkan",http://www.minisarayhotel.com,listing
882670,Mira Otel Alsancak,"İzmir, Konak",https://miraotel.com.tr,web_search
85,Miracle Resort Hotel,"Antalya, Muratpaşa, Lara ",https://www.miracleotel.com,listing
592373,Mirador Resort & Spa,"Antalya, Alanya, Konaklı",https://www.miradorhotels.com,listing
672938,Miramar Pansiyon,"Antalya, Kaş",http://www.kasmiramar.com/tr/,listing
1023965,Mojo Boutique Hotel,"Antalya, Kaş",https://www.mojoboutiqueotel.com,web_search
873716,Monje Alaçatı,"İzmir, Çeşme, Alaçatı",https://www.monjehotel.com,listing
593535,Monna Roza Beach Resort Hotel,"Antalya, Kemer",https://www.monnarozabeach.com,listing
640813,Monna Roza Maxx Apart,"Antalya, Kemer",http://www.monnarozagroup.com,web_search
1024993,Monottoman Otel,"İzmir, Çeşme",https://www.kermeottoman.com.tr,listing
1017724,Monreve Alaçatı,"İzmir, Çeşme, Alaçatı",https://www.alacati.monrevehotels.com,listing
54182,Monte Carlo Hotel,"Antalya, Alanya",https://www.otelmontecarlo.com,listing
129965,Moonshine Hotel & Suites,"Muğla, Bodrum",https://www.bodrummoonshine.com,listing
1019533,Morino Alaçatı,"İzmir, Çeşme",https://morinoalacati.com,web_search
1210524,Mos Otel Çeşme,"İzmir, Çeşme",https://www.moscesme.com,listing
593759,Moyo Luxury Hotel & Beach,"Muğla, Bodrum, Torba",https://www.moyohotel.com/iletisim,listing
626055,Mr. Crane Hotel,"Antalya, Kemer",https://www.craneotel.com,listing
147661,Mukarnas Spa Resort,,https://www.mukarnashotel.com,listing
175126,Munamar Beach Residence,"Muğla, Marmaris, İçmeler ",https://www.munamarbeachresidence.com,listing
1845,Musho Otel,,https://otelmusho.com,web_search
781132,Muz Hotel,"Antalya, Alanya",https://www.muzhotel.com,listing
640735,My Bitez Suites,"Muğla, Bodrum, Bitez",https://www.mybitezsuites.com,web_search
785141,My Story Cave Hotel,"Nevşehir, Kapadokya",https://www.instagram.com/mystorycavehotel/,social
780859,Myndos Bed & Breakfast,"Muğla, Bodrum, Gümüşlük",https://myndosgumusluk.com,web_search
255695,Müskebi Apart,"Muğla, Bodrum, Ortakent",https://www.muskebiapart.com,web_search
1308,Nagi Beach Hotel,"Muğla, Bodrum, Gümbet",https://www.nagibeachbodrum.com,listing
1264362,Narcia Resort Side,"Antalya, Manavgat, Side",http://www.narciahotels.com/,listing
328567,Narr Twin Hotel,"Antalya, Kaş",https://www.instagram.com/narrhotelnarrbeach/,social
93913,Nasa Flora Hotel,"Antalya, Muratpaşa",http://nasafloraotel.com/,listing
141506,Nashira Resort Hotel & Aqua-Spa,"Antalya, Manavgat, Side",https://www.nashirahotels.com,listing
513,Navy Hotel,"Muğla, Marmaris",https://www.nayvhotel.com,listing
1023796,Nazar Beach City & Resort Hotel,"Antalya, Muratpaşa",https://www.nazarhotels.com,listing
640782,Nehir Apart Otel Alanya,"Antalya, Alanya",https://nehirapart.com,web_search
1017783,Nemesis Hotel,"Muğla, Bodrum, Gümbet",https://www.nemesishotel.com,web_search
592821,Neopol Hotel Deluxe,"Aydın, Kuşadası",https://www.neopolhotel.com,listing
1123,Nerton Hotel,"Antalya, Manavgat, Side",https://www.nertonhotel.com.tr,listing
624,Nevada Hotel & Spa,"Muğla, Fethiye, Çalış",http://www.nevadahotelspa.com/,listing
871870,NFK The House Hotel,"Antalya, Konyaaltı",https://www.nfkthehousehotel.com,listing
1019995,Ni Marin Hotel,"Muğla, Milas",https://nimarinhotel.com,web_search
1210724,No 48 Alaçatı,"İzmir, Çeşme, Alaçatı",https://www.no48alacatihotel.com,listing
419039,No Onbir Alaçatı,"İzmir, Çeşme, Alaçatı",https://www.facebook.com/alacatinoonbir/,social
208041,No81 Hotel Türkbükü,"Muğla, Bodrum, Göltürkbükü",http://www.no81hotel.com/,listing
1020769,Nova Butik Hotel,"İzmir, Çeşme",https://www.novabutikhotel.com,web_search
890989,Nova Park Hotel,"Antalya, Manavgat",https://www.novapark.com.tr,listing
227,Novum Garden Side Hotel,"Antalya, Manavgat, Side",http://www.novumhotels.com/novum-garden-side/tr/index.php,listing
1298783,Noém Hotel,"Erzurum, Yakutiye",https://www.noemhotel.com,web_search
415103,Numa Bay Exclusive Hotel,"Antalya, Alanya, Avsallar",https://www.numahotels.com,listing
785777,Numa Konaktepe Hotel,Antalya,https://www.numakonaktepe.com,web_search
109427,Nur Beach,"Antalya, Kaş",https://www.nurotel.com,web_search
415437,Nuri's Beach Bungalow,"Antalya, Kaş",http://www.facebook.com/nuris.beach,listing
876794,Oase Garden,"Antalya, Kemer",https://oasegarden.com/,listing
185,Oba Star Hotel & Spa,,https://www.obastarhotel.com,listing
147777,Oba Time Hotel,,https://www.obatimehotel.com,listing
878002,Odabaşı Su Alaçatı Otel,"İzmir, Çeşme, Alaçatı",https://odabasisualacatibutikotel.com/,listing
112325,Olea Nova Otel,"Antalya, Kaş",https://www.oleanova.com.tr,listing
663143,Olimpos Beach Hotel By RRH&R,"Antalya, Kemer",https://www.olimposbeachhotel.com,listing
1829,Olira Boutique Hotel & Spa,"Muğla, Bodrum",https://www.olirahotel.com,listing
673747,Olive Tree Hotel,"Muğla, Bodrum, Yalıkavak ",https://olivetreebodrum.com/,listing
881830,Olivia Palm Hotel,"Kıbrıs, Girne",https://www.oliviapalmhotel.com/,listing
1020746,Olsen Hotel,"Antalya, Muratpaşa",https://olsenhotels.com,listing
417488,Oludeniz Blue Lagoon Otel,"Muğla, Fethiye, Ölüdeniz",https://www.bluelagoonoludeniz.com,web_search
239927,Olympos Village Relaxury Hotel,"Antalya, Kemer, Çıralı",https://www.olymposvillage.com,listing
876333,On Hotel Antalya,"Antalya, Muratpaşa, Lara ",https://www.onhotelantalya.com,listing
1238697,Orange County Alanya,"Antalya, Alanya",https://www.orangecounty.com.tr,listing
33,Orange County Kemer,"Antalya, Kemer",https://www.orangecounty.com.tr,listing
154410,Orcey Hotel,"Muğla, Datça",https://www.orceyhotel.com,listing
217728,Orfeus Park Hotel,"Antalya, Manavgat, Side",http://www.orfeushotels.com/park/,listing
415521,Orfeus Queen Hotel,"Antalya, Manavgat, Side",https://orfeushotels.com/queen/,listing
76,Orion Beach Hotel,"Aydın, Didim, Altınkum",http://www.orionhoteldidim.com/,listing
1019941,Oscar Seaside Hotel & Spa,"Muğla, Bodrum",https://bodrumoscarseasidehotel.com/,listing
1264881,Otel Azmakhan,"Muğla, Ula",http://www.azmakhan.com.tr/azmakhan/,listing
417500,Otel Beyaz Ev,"İzmir, Çeşme, Alaçatı",https://www.facebook.com/BeyazEvAlacati/,social
414896,Otel Carpe Diem Gold,"Antalya, Finike",http://www.otelcarpediem.com/tr/,listing
593501,Otel Silvanus,"Muğla, Milas",https://www.silvanusotel.com,web_search
64241,Otel Yeni Residence,"İzmir, Çeşme",http://www.otelyeni.com,web_search
416571,Otello Alaçatı,"İzmir, Çeşme, Alaçatı",https://www.instagram.com/otelloalacati/,social
97975,Otium Family Stone Palace,"Antalya, Manavgat, Side",https://www.larissahotels.com.tr,listing
234,Otium Park Club Akman,"Antalya, Kemer, Çamyuva",https://www.larissahotels.com.tr,listing
104,Ova Resort,"Muğla, Fethiye",https://www.ovaresorthotel.com,listing
113326,Oyster Residences Ölüdeniz +14,"Muğla, Fethiye, Ölüdeniz",https://www.oysterresidences.com,listing
1264335,Oz Hotels İncekum Beach Resort,"Antalya, Alanya",https://www.incekumbeachresort.com,listing
983,Ozkaymak Select Hotel,"Antalya, Alanya, Avsallar",https://www.ozkaymakotels.com,listing
527,Palm Bay Beach Hotel,"Muğla, Datça",https://palmbaybeachhotel.com,listing
1021603,Palm Hills Bodrum Hotel,"Muğla, Bodrum",https://www.palmhillsbodrum.com,web_search
157,Palm Wings Beach Resort Didim,"Aydın, Didim",https://www.palmwings.com.tr,listing
877951,Palmet Family Bianco Hotel,"Muğla, Bodrum, Akyarlar",https://www.palmethotels.com,listing
1210682,Panjur Alaçatı,"İzmir, Çeşme, Alaçatı",http://alacati.panjurs.com/,listing
874696,Panjur Hotel Çeşme,"İzmir, Çeşme",https://cesme.panjurs.com,web_search
102783,Panorama Hotel,"Muğla, Bodrum, Göltürkbükü",https://www.panoramahotelturkbuku.com,listing
877815,Papaz Alaçatı,"İzmir, Çeşme, Alaçatı",https://www.instagram.com/papazzalacati/,social
159871,Paperon Hotel,"Mersin, Limonlu",https://www.paperonotel.com/,web_search
81343,Papillon Ayscha,,https://www.papillon.com.tr,listing
45161,Papillon Zeugma Relaxury,,https://www.papillon.com.tr,listing
417528,Paradise Apart Hotel,"Muğla, Bodrum, Gümbet",https://www.paradiseapart.com,web_search
117726,Park Hotel Alanya,"Antalya, Alanya",https://www.parkhotelalanya.com,web_search
1018655,Parmos Otel,"Balıkesir, Erdek",https://www.parmosotel.com,web_search
65148,Pashas Princess By Werde Hotels (Adult Only + 16),"Antalya, Kemer, Çamyuva",https://pashasprincess.werdehotels.com,web_search
872962,Payava Hotel By True Blue,"Antalya, Kaş, Kalkan",https://www.payavahotel.com,listing
1210943,Pedasya Apart Otel,"Muğla, Bodrum, Bitez",https://pedasyaaparthotel.com,web_search
873287,Peninsula Gardens,"Antalya, Kaş",https://www.kaspeninsulagardens.com,listing
151693,Pera Hotel Alanya,"Antalya, Alanya",https://www.perahotelalanya.com,listing
876336,Perge Hotels Adult Only +18,"Antalya, Muratpaşa",https://www.pergehotels.com/tr,listing
418936,Peri Hotel,"Mersin, Erdemli",https://www.instagram.com/perihotel33/,social
626997,Perre La Mer Hotel,"Antalya, Kemer, Göynük",https://www.perrelamerhotel.com,listing
149251,Petunya Beach Resort,"Muğla, Bodrum, Ortakent",https://www.petunyahotel.com,listing
416480,Pigale Beach Resort,"Aydın, Kuşadası",https://www.pigalebeachresort.com.tr,web_search
21133,Pine Beach Belek,"Antalya, Serik, Belek",https://www.maritim.de/de/hotels/tuerkei/pine-beach-resort-belek/uebersicht#hotel_content,listing
100427,Pine House By Werde Hotels,"Antalya, Kemer, Çamyuva",https://pinehouse.werdehotels.com,web_search
120655,Pink Palace Hotel,"Muğla, Fethiye, Ölüdeniz",http://www.pinkpalace.com.tr,listing
580,Pirat Hotel,"Antalya, Kaş, Kalkan",http://www.hotelpirat.net/,listing
875,Point Beach Hotel,"Muğla, Marmaris",https://www.mehtapotel.com,listing
217298,Port Nature Luxury Hotel & Spa,"Antalya, Serik, Boğazkent",http://portnature.com.tr/de,listing
1210685,Port Side Resort Hotel,"Antalya, Manavgat, Side, Evrenseki",https://www.sideporthotel.com,listing
417649,Porto Fenari Köyiçi,"İzmir, Çeşme, Alaçatı",https://www.instagram.com/portofenariotelalacati/,social
673739,Portofino Apart,"Muğla, Marmaris, Akyaka",https://www.portofinoakyaka.com,web_search
153613,Portofino Hotel,"Muğla, Marmaris, İçmeler ",https://www.portofinomarmaris.com,listing
663147,Premium Park Apart Otel,"Antalya, Kemer",https://www.premiumparkapart.com,listing
874398,Prenses Sealine Beach Hotel,"Antalya, Serik",https://prensessealinebelekbeachhotel.business.site/,listing
903,Prestige Residence Hotel,"Aydın, Kuşadası",https://instagram.com/prestige_residence_hotel/,social
414932,Prima Donna,"Antalya, Kaş, Patara",http://www.hotelprimadonna.com/,listing
1264750,Prime Beach Hotel (Ex. İdeal Prime Beach),"Muğla, Marmaris",https://primebeachhotel.com,web_search
46906,Princess Artemisia Hotel,"Muğla, Bodrum, Yalıkavak ",https://princessartemisia.com.tr,web_search
417693,Pusula Bungalow,"Muğla, Fethiye, Kayaköy",http://www.pusulabungalow.com,listing
1298750,Pyxis Point Hotel,"Antalya, Alanya, Avsallar",https://www.pyxispointhotel.com/,listing
1017501,Qinn Otel,"Antalya, Muratpaşa, Lara ",https://www.qinnhotels.com,listing
640794,Queen Boutique Hotel,"Muğla, Bodrum, Bitez",https://www.queenbodrum.com,listing
428,Queens Park Göynük,"Antalya, Kemer",https://www.qprhotels.com,listing
946045,Radisson Blu Hotel Kaş +12 Adult Only,"Antalya, Kaş",https://www.radissonhotels.com/tr-tr/oteller/radisson-blu-kas,listing
1284283,Radisson Blu Resort & Spa Çeşme,,https://www.radissonblu.com.tr,listing
687,Ramada Plaza by Wyndham İzmir,"İzmir, Konak, Basmane ",https://ramadaplazaizmir.com,web_search
1303122,Ramira City Hotel,"Antalya, Alanya",https://www.ramiracityhotels.com,listing
871787,Ramira Joy Hotel,"Antalya, Alanya",https://www.ramirahotels.com,listing
1019520,Ramiz Alaçatı,"İzmir, Çeşme",https://www.instagram.com/alacatiramizotel/,social
993213,Rammos Managed by Dedeman,"Muğla, Bodrum, Turgutreis",https://www.rammoshotel.com,listing
874396,Ramona Kale Hotel,"Antalya, Muratpaşa",https://www.ramonakale.com,listing
876380,Rasim Palas Ilıca,"İzmir, Çeşme, Ilıca",https://www.rasimpalas.com,listing
872722,Regia Mare Beach Hotel & Spa Bodrum,"Muğla, Bodrum, Ortakent",https://www.regiamarehotel.com/,listing
1264379,Regnum Carya,"Antalya, Serik, Belek",https://www.regnumhotels.com,listing
1017830,Regnum Escana Boutique Hotel,Muğla,http://www.regnumescana.com,web_search
593730,Reis İnn Hotel Kazdağları,"Çanakkale, Ayvacık, Küçükkuyu",https://reisinnhotel.com,web_search
781141,Remi Hotel,"Antalya, Alanya",https://www.remi.com.tr/,web_search
640672,Reo Hotel,"Antalya, Konyaaltı",https://www.reohotel.com,web_search
593649,Reyhan Hanım Konakları,"İzmir, Çeşme, Alaçatı",https://www.facebook.com/reyhanhanimkonaklari/,social
1022178,Rhapsody Hotel & Spa Kalkan,"Antalya, Kaş",https://rhapsodyhotels.com,web_search
81956,Rhapsody Hotel Kas,"Antalya, Kaş, Kalkan",http://www.rhapsodyhotel.com/en/index.php?page=kas_tanitim&amp;title=Ka%C5%9F%20Rhapsody%20Hotel,listing
1210910,Ride And Stay Hotel,"İzmir, Çeşme",https://www.ridestayhotel.com,web_search
1017726,Rikas Alaçatı,"İzmir, Çeşme, Alaçatı",https://www.rikasalacati.com,listing
874395,Ring Downtown Hotel,"Antalya, Muratpaşa",https://www.ringdowntownhotel.com,listing
378230,Rios Beach Hotel,"Antalya, Kemer",https://www.riosbeachhotel.com,listing
877957,Rios Latte Beach Hotel,Beldibi,https://www.latteriosbeach.com,listing
1264382,Rixos Downtown Antalya - The Land Of Legends Access,,http://de.rixos.com/contact/list-acardion/contact/439/315/0,listing
873574,Rizom Tatil Koyu,Yalova,https://www.rizomtatilkoyu.com/,web_search
1902,Robinson Club Sarıgerme Park,"Muğla, Ortaca, Sarıgerme",https://www.robinson.com,listing
785115,Roca Cappadocia,"Nevşehir, Kapadokya",https://info@rocacappadocia.com,listing
877356,Root Redrock Yalıkavak,"Muğla, Bodrum",https://www.rootredrock.com,web_search
1199739,Rox Resort Hotel,"Antalya, Kemer",https://www.roxroyal.com,listing
874427,Roxx Royal Hotel,"Aydın, Kuşadası",https://roxxroyal.com,web_search
1428,Royal Alhambra Palace Hotel,"Antalya, Manavgat, Side",https://rezervasyon4@stonegrouphotels.com,listing
209,Royal Arena Hotel & Resort Spa,"Muğla, Bodrum",http://www.royalarena.com,listing
45252,Royal Diwa Tekirova Resort,"Antalya, Kemer, Tekirova",https://www.euphoriahotels.com,listing
64191,Royal Dragon Hotel,"Antalya, Manavgat, Side",https://www.royaldragonhotel.com.tr,listing
1264387,Royal Holiday Palace,"Antalya, Muratpaşa, Lara ",http://www.royalholidaypalace.com/,listing
135820,Royal Palm Residence,"Muğla, Bodrum",http://royalpalmbodrum.com/,listing
668,Royal Sebaste Hotel,"Mersin, Erdemli",http://www.royalsebastehotel.com,listing
1264841,Royal Towers Hotel Kiriş,,https://www.palmethotels.com,listing
73171,Royalisa Palmiye Beach +16 Adult Only,"Antalya, Alanya",https://royalisapalmiyebeachhotel.com,web_search
209643,Rozetta Hotel,"Muğla, Bodrum, Gümbet",https://www.rozettahotel.com,listing
1298852,Ruins Luxury Resort Bodrum,Muğla,https://www.ruinshotels.com,web_search
640847,Rumana Hotel,"Mersin, Anamur",https://www.hotelrumana.com,listing
784810,Saadet Otel,"Aydın, Didim",https://www.hotelsaadet.com,listing
417099,Sade Alaçatı,"İzmir, Çeşme, Alaçatı",https://sadealacati.com/index.html,listing
794,Sailor's Beach Club,"Antalya, Kemer",http://www.sailorsbeachclub.com/tr,listing
1242678,Salamis Bay Conti Hotel & Casino,"Kıbrıs, Gazimağusa",http://www.salamisbayconti.com/,listing
1261,Salinas Hotel Bodrum,"Muğla, Bodrum, Gümbet",http://www.salinashotelbodrum.com/,listing
53,Salmakis Resort & Spa,"Muğla, Bodrum",https://www.salmakis.com.tr,listing
228695,Samira Resort Hotel & Aparts & Villas,"Antalya, Kaş, Kalkan",http://www.samiraresort.com/,listing
873721,Santana Göcek,"Muğla, Fethiye, Göcek",https://www.santanavillas.com,listing
148645,Saphir Hotel & Villas,"Antalya, Alanya, Konaklı",http://www.saphirhotels.com.tr/saphirresortspa/default.aspx,listing
874,Saphir Resort & Spa,"Antalya, Alanya",http://www.saphirhotels.com.tr/saphirresortspa/default.aspx,listing
783938,Saray Hotel & Apartments,"Muğla, Fethiye",https://www.sarayhotelhisaronu.com,web_search
1025389,Sarsılmaz Otel,"Muğla, Bodrum",https://sarsilmazotel.com.tr,web_search
872784,Sarıgerme New Gate Hotel,Muğla,https://www.sarigermenewgatehotel.com,web_search
416613,Savra Bodrum,"Muğla, Bodrum, Bitez",http://savrabodrum.com/,listing
992233,Sayanora Hotel,"Antalya, Manavgat, Side",https://www.sayanorahotel.com,listing
483,Saylam Suites,"Antalya, Kaş",https://www.saylamsuites.com,listing
789601,Sea Palm Otel Yalıkavak,Muğla,https://www.seapalmotel.com,listing
626514,Sea Pearl Hotel,,https://www.sealighthotels.com,listing
1284502,Sea Soul Beach Otel,"Muğla, Bodrum, Bitez",https://seasoull.com.tr,listing
1284554,Sea Star Marmaris +16,"Muğla, Marmaris, İçmeler ",https://www.seastarotel.com,listing
295031,Seagull Hotel,Beldibi,https://www.seagullhotel.com,listing
1386,Sealife Buket Beach Hotel,"Antalya, Alanya",https://www.sealifehotels.com,listing
891025,Sealife Kemer Resort Hotel,"Antalya, Kemer",https://kemer.sealifehotels.com/tr,listing
378312,Sealight Resort Hotel,,https://www.sealighthotel.com,listing
1023975,Seatown Hotel Kaş,"Antalya, Kaş",https://www.seatownhotel.com.tr,listing
876572,Sefine Otel,Şırnak,https://www.sefinehotel.com.tr/,listing
1264398,Seher Kumköy Star Resort & Spa,"Antalya, Manavgat, Side",https://www.seherhotels.com,listing
1264399,Seher Resort & Spa,"Antalya, Manavgat, Side",https://seherhotels.com,listing
418342,Sehr-i Nuh Otel,"Şırnak, Silopi",http://www.sehrinuhotel.com.tr,web_search
402,Selectum Family Resort,"Antalya, Serik, Belek",https://www.letooniaresorts.com,listing
205254,Selectum Family Resort Didim ExAsteria Venüs Didim,"Aydın, Didim, Akbuk",https://familyresortdidim.selectumhotels.com,web_search
1023968,Selene Beach & Spa Hotel (+16),,https://www.dreamshotel.com,listing
673731,Selenes Pansiyon,"Muğla, Milas",https://www.selenespansion.com,listing
789553,Selfie Cave Hotels Cappadocia,Nevşehir,https://selfiecavehotelscappadocia.com/,listing
64157,Selin' s Otel River,"Antalya, Serik, Belek",https://www.selinotelspabelek.com,listing
187116,Selvi Beach Hotel,"Muğla, Bodrum, Göltürkbükü",https://www.selvibeach.com,listing
781133,Semt Luna Beach Hotel,"Antalya, Alanya",https://www.alanyalunabeach.com,listing
873581,Senza Garden Holiday Club,Mediterranean Region,https://gardenholidayclub.senzahotels.com,web_search
1109,Senza Grand Santana Hotel,"Antalya, Alanya",https://grandsantana.senzahotels.com,web_search
548,Senza Inova Beach Hotel,"Antalya, Alanya",https://www.senzahotels.com/,web_search
414965,Senza The Inn Resort & Spa,Antalya,https://www.senzahotels.com,listing
346,Serenis Hotel,"Antalya, Manavgat, Side",https://serenishotel.com,web_search
673264,Serra Park Hotel,"Antalya, Manavgat, Side, Titreyengöl",https://www.serrapark.com.tr,web_search
586,Sesin Hotel,"Muğla, Marmaris, Siteler",https://www.sesinhotel.com,listing
1210696,Seven For Life Thermal Hotel,"Aydın, Kuşadası, Guzelcamli",https://sevenforlife.com/,listing
1020776,Sevilla Otel Alaçatı,"İzmir, Çeşme, Alaçatı",https://www.sevillaotel.com/,web_search
45480,Seçkin Konaklar,"Muğla, Bodrum",https://seckinkonaklar.com,web_search
1264405,Siam Elegance Hotel & Spa,"Antalya, Serik, Boğazkent",http://www.siamelegancehotels.com/,listing
859697,Sianji Well Being Resort,"Muğla, Bodrum",https://www.sianjilife.com,listing
874381,Side Amour Hotel,"Antalya, Manavgat",https://sideamourhotel.com/,listing
673179,Side Aquamarin Resort & Spa,"Antalya, Manavgat, Side",https://www.sideaquamarin.com,listing
876471,Side Bay Hotel,"Antalya, Manavgat, Side",https://www.sidebayhotel.com,listing
571,Side Breeze Hotel,"Antalya, Manavgat, Side",https://www.sidebreezehotel.com,listing
249786,Side Crown Palace,"Antalya, Manavgat, Side",http://crownsidepalace.com/,listing
249752,Side Crown Serenity,"Antalya, Manavgat, Side",http://crownsideserenity.com/,listing
1000,Side Lilyum Hotel & Spa,"Antalya, Manavgat, Side",https://sidelilyumhotel.com,web_search
415061,Side Miami Beach,"Antalya, Manavgat",https://www.sidemiamibeach.com,listing
224,Side Star Beach,"Antalya, Manavgat, Side",https://www.sidestarhotels.com,listing
611,Side Star Elegance,"Antalya, Manavgat, Side",https://www.sidestarhotels.com,listing
205,Side Star Park,"Antalya, Manavgat, Side",https://www.sidestarhotels.com,listing
414912,Side Sunberk Hotel,"Antalya, Manavgat",https://sidesunberkhotel.com/,listing
1921,Side Village Hotel,"Antalya, Manavgat, Side",https://www.sidevillage.com,listing
1017532,Side Zeugma Hotel - Adult Only +16,"Antalya, Manavgat, Side",https://www.sidezeugma.com,web_search
874434,Silver Tower Residence Kuşadası,"Aydın, Kuşadası",https://www.silvertowerresidence.com,listing
872023,Sinasos Star Hotel,"Nevşehir, Ürgüp",https://sinasosstarhotel.com,web_search
1019566,Sirius Mi Sun Paradise,"İzmir, Çeşme",https://www.siriusmisunparadise.com,web_search
1024011,Siu Collection,,https://aydinbeyhotels.com/,listing
150654,Skys Beach Hotel,"Antalya, Manavgat, Side, Kizilot",https://www.skyshotel.com,listing
1023995,SL La Perla Hotel Kemer,"Antalya, Kemer",https://www.laperlahotel.com.tr,listing
136646,Small Beach Hotel,"Muğla, Bodrum, Turgutreis",https://veltursmall.com,web_search
1017883,Soleado Capadocia Hotel,Nevşehir,https://soleadocapadociahotel.com,web_search
1025095,Soliport Hotel & Spa Alaçatı,"İzmir, Çeşme",https://www.soliporthotel.com,listing
1023597,Solt Suites,"Muğla, Bodrum, Turgutreis",https://www.soltsuites.com/,listing
419863,Son Vapur Otel,"Çanakkale, Gökçeada",https://sonvapurimroz.com,web_search
871809,Sorgun Akadia Hotel Luxury Resort Adult Only+16,"Antalya, Manavgat, Side, Titreyengöl",https://www.sorgunakadiahotel.com,listing
1017495,Stella Elite Resort & Spa +16,"Antalya, Aksu, Kumköy ",https://www.sidestellaeite.com,listing
1284288,Sueno Hotels Beach Side,,https://www.sueno.com.tr,listing
1264238,Sueno Hotels Golf Belek,,https://www.sueno.com.tr,listing
45189,Suite Laguna Hotel,"Antalya, Muratpaşa",http://www.suitelaguna.com/tr,listing
308400,Sultan of Dreams,"Antalya, Manavgat, Side",http://www.sultanofdreams.com/,listing
101847,Sultan Of Side Hotel,"Antalya, Manavgat, Side",https://www.sultanofside.com,listing
1210691,Sun Fire Beach Hotel,"Antalya, Alanya, Mahmutlar",https://sunfirehotel.com/,web_search
785360,Sun Glare Kaş,"Antalya, Kaş",https://www.kassunglare.com,listing
308455,Sun Star Resort,"Antalya, Alanya",https://www.sunstarresort.com,listing
649,Suncity Hotel & Beach Club,"Muğla, Fethiye",http://suncity.com.tr/en/home-page/,listing
74762,Sunday Beach Hotel,"Aydın, Kuşadası",https://www.sundaybeachhotel.com,listing
504,Sundia By Liberty Ölüdeniz,,https://www.libertyhotelsoludeniz.com,listing
139488,Sunis Elita Beach Resort & Spa,"Antalya, Manavgat, Side",https://www.sunishotels.com,listing
1239653,Sunis Evren Beach Resort Hotel & Spa,"Antalya, Manavgat, Side",https://evrenbeachresort.com,web_search
1199929,Sunis Kumköy Beach Resort Hotel & Spa,"Antalya, Manavgat",https://www.kumkoybeachresort.com,web_search
765,Sunny Hill Alya Hotel,"Antalya, Alanya",https://www.alyahotels.com,listing
565,Sunpoint Hotel Bodrum,"Muğla, Bodrum, Gümbet",https://www.sunpointfamilyhotel.com,listing
1001,Sunrise Resort Hotel,,https://www.starlight.com.tr,listing
417115,Sunset Beach Club Aqua Lettings,"Muğla, Fethiye",https://www.sunsetbeachclubfethiye.com,web_search
877646,Sunthalia Hotels & Resorts,"Antalya, Manavgat, Side, Colakli",https://www.sunthaliahotels.com,listing
416831,Surya Otel Alaçatı,"İzmir, Çeşme, Alaçatı",https://www.suryabutikotelalacati.com,web_search
1331,"Susona Bodrum, LXR Hotels & Resorts","Muğla, Bodrum",https://www.nikkibeachhotels.com,listing
1262543,Swissotel Living Bodrum,"Muğla, Bodrum",https://www.swissotellivingbodrum.com,web_search
480,Swissotel Resort Bodrum Beach,"Muğla, Bodrum, Turgutreis",http://www.swissotel.com/hotels/bodrum-beach/,listing
3099878,Sy Hotels Luxury Belek,"Antalya, Serik, Belek",https://syhotels.com,listing
876376,Süreyya Hanım Alaçatı,"İzmir, Çeşme, Alaçatı",https://www.facebook.com/sureyyahnmbutikotel/,social
1019577,Sığacık Gaea Hotel,"İzmir, Seferihisar",https://www.gaeasigacik.com/,listing
876873,Tabiat Park Hotel Ayvalık,"Balıkesir, Ayvalık",https://www.tabiatparkotel.com,listing
200687,Tal Beach Hotel,Beldibi,https://www.talbeachhotel.com,listing
417342,Tarçın Alaçatı Otel,"İzmir, Çeşme, Alaçatı",https://www.tarcinotel.com,listing
1413,Temenos Luxury Hotel & Spa,"Muğla, Bodrum",https://www.temenoshotel.com,listing
213,Temple Hotel,"Aydın, Didim, Altınkum",https://templehotelsdidim.com/temple,listing
959,Tenda Hotel,"Muğla, Bodrum, Gümbet",http://www.tendahotel.com,listing
253,Terrace Beach Resort Hotel,"Antalya, Manavgat, Side",https://www.hotelterrace.com,listing
875892,Thales Butik Otel,"Muğla, Bodrum",https://www.instagram.com/thalesbutikotel/,social
890933,That's Alaçatı,"İzmir, Çeşme",https://www.thatsalacati.com,listing
784107,The Beachfront Hotel (+16),"Muğla, Marmaris",https://www.beachfront.sunprime.net,listing
1559,The Best Life Hotel Bodrum Center,"Muğla, Bodrum",https://www.thebestlifehotel.com,listing
137,The Corner Park Hotel,"Antalya, Konyaaltı",https://www.thecornerpark.com,listing
876491,The Erzurum Hotel,"Erzurum, Palandöken",https://info@theerzurumhotel.com,listing
1020767,The Fountain Hotel Çeşme,"İzmir, Çeşme",https://www.hotelfontane.com/,listing
1785,The Hotel 48,"Muğla, Bodrum",https://www.costacentralebodrum.com,listing
417090,The Hotel Alaçatı,"İzmir, Çeşme, Alaçatı",https://www.facebook.com/thehotelalacati/,social
145,The Karia Princess Hotel,"Muğla, Bodrum",https://www.kariaprincess.com,listing
416651,The Losh Hotel,"Muğla, Bodrum, Yalıkavak ",https://www.theloshhotel.com,web_search
877961,The Luxury Shelters,"Antalya, Kaş",https://www.theluxuryshelters.com,web_search
627016,The Marilis Hill Resort Hotel & Spa,"Antalya, Alanya, Okurcalar",https://www.marilishill.com,listing
181,The Marmara Antalya,"Antalya, Muratpaşa",https://www.themarmarahotels.com,listing
243,The Marmara Bodrum,"Muğla, Bodrum",https://www.themarmarahotels.com/,listing
1020742,The Nix Hotel Patara,"Antalya, Kaş, Patara",https://thenixhotel.com/,listing
1019865,The Oba Hotel,"Muğla, Bodrum",https://www.obahotel.com,listing
174192,The One Club Sarıgerme Hotel,"Muğla, Ortaca, Sarıgerme",https://www.theoneclubhotel.com,web_search
1126,The Park Marmaris Hotel,"Muğla, Marmaris",https://www.theparkmarmaris.com,listing
626596,The Poyz Hotel Bodrum,,https://www.thepoyzhotel.com,web_search
1025443,The Rest Port Argento,"Muğla, Bodrum",https://www.therestportbodrum.com/,listing
326856,The Roxy Luxury Moon Resort,"Aydın, Didim",http://www.aurumhotels.com.tr/tr/aurum-moon-resort,listing
1025150,The Yalı Konak Hotel,"İzmir, Konak",https://www.theyalikonakhotel.com,listing
1025386,Thermemaris Thermal & Spa Resort,"Muğla, Dalaman",http://www.thermemaris.com,listing
295440,Timo Deluxe Resort Hotel,"Antalya, Alanya, Konaklı",https://www.hoteltimo.com,listing
116289,Titan Club Hotel Ultra All Inclusive,Kargıcak (ANTALYA),https://www.titanhotels.com,listing
127742,Titan Select Hotel,"Antalya, Alanya, Konaklı",http://www.titanhotels.com,listing
493,Titanic Deluxe Golf Belek,"Antalya, Serik, Belek",https://www.titanic-hotels.com,listing
874426,TNR Otel & Spa,"Aydın, Kuşadası",https://www.tnrhotel.com,listing
872715,Toka Bodrum Hotel & Beach Club,"Muğla, Bodrum, Torba",https://www.tokabodrum.com,web_search
416611,Toloman Bitezpark Apartments,"Muğla, Bodrum, Bitez",https://www.instagram.com/tolomanbitez/,social
378205,Top Hotel,"Antalya, Alanya",https://www.tophotel.com.tr,listing
123442,Torbahan Hotel,"Muğla, Bodrum, Torba",https://www.torbahan.com,listing
873637,Toros Otel Didim,"Aydın, Didim",https://www.toroshoteldidim.com,web_search
783696,Trendlife Hotels Torba,"Muğla, Bodrum",http://www.micasabeach.com/,listing
377878,Trendy Hotels Palm Beach,"Antalya, Manavgat, Side",https://www.trendyhotels.com.tr,listing
592686,Troia Tusan Hotel & Spa,"Çanakkale, Güzelyalı",https://www.troiatusanhotel.com,listing
417413,True Blue Butik Otel,"Antalya, Kaş, Kalkan",https://truebluehotel.com.tr,listing
640825,Truemar Hotels & Suits,"Antalya, Kemer",https://www.instagram.com/truemarhotels/,social
872739,Tuana Otel,"Balıkesir, Erdek",https://www.tuanahotel.com/,web_search
1292,Tui Blue Pascha Bay,,https://www.tthotels.com,listing
416509,Tui Blue Tropical,,http://www.tthotels.com,listing
992248,TUI MAGIC LIFE Belek,"Antalya, Serik, Belek",https://www.tthotels.com,listing
70961,Tuntaş Family Suit Kuşadası,"Aydın, Kuşadası",https://www.tuntashotels.com,listing
417310,Turgutreis Apart Otel,"Muğla, Bodrum, Turgutreis",https://www.facebook.com/109503625130272,social
161977,Twenty Hotel,"Antalya, Kaleiçi",https://www.antalyahoteltwenty.com,listing
378750,Tümay Hotel,"Muğla, Bodrum, Bitez",https://www.facebook.com/tumayhotelbitez/,social
876615,Türkay Hotel,"Antalya, Konyaaltı",https://www.turkayhotel.com,listing
1284499,Türkmen Ağaç Evleri,"Antalya, Kumluca",http://www.olimposturkmen.com/,listing
417074,Umut Otel Ve Beach,"Muğla, Marmaris, Selimiye",http://www.selimiyeumutotel.com,listing
875887,Urla 1867 Hotel,"İzmir, Urla",https://urla1867.com,web_search
875866,Venezia Alaçatı,"İzmir, Çeşme",https://www.veneziaalacati-otel.com,listing
872578,Venüs Termal Boutique,"Balıkesir, Edremit",https://info@venushotels.com.tr,listing
416890,Vespera Hotel,"İzmir, Çeşme, Alaçatı",https://www.alacativespera.com,listing
875538,Via Perla Butik Otel,"İzmir, Çeşme",http://www.via-perla-butik-otel.business.site,listing
266,Viento Hotel Alaçatı,"İzmir, Çeşme, Alaçatı",https://vientoalacati.com,web_search
252,Viking Nona Beach Hotel,"Antalya, Kemer",https://www.vikingturizm.com,listing
714,Viking Star Hotel,"Antalya, Kemer",https://www.vikingturizm.com,listing
592264,Viking Suite Hotel,"Antalya, Kemer",https://www.vikingturizm.com,listing
640865,Villa Antiphellos B,"Antalya, Kaş",https://www.clubantiphellos.com/,web_search
873704,Villa Ephesus Hotel,"Aydın, Kuşadası",https://www.villaephesus.com,listing
663198,Villa Kaş Bohem,"Antalya, Kaş",https://villakasbohem.com/?lang=tr,listing
785399,Villa Köknar Pansiyon,"Antalya, Kaş",https://villakoknar.com,web_search
417359,Villa Oliva Butik Hotel,"Muğla, Bodrum",https://www.villaolivabodrum.com,listing
417667,Villa Peri Alaçatı,"İzmir, Çeşme, Alaçatı",https://www.villaperi.com,listing
142975,Villa Sonata,"Antalya, Alanya",https://www.villasonata.com,listing
416766,Villamer Alaçatı,"İzmir, Çeşme, Alaçatı",https://villamer.com.tr,listing
1647,Vita Bella Hotel Resort & Spa,"Muğla, Bodrum",https://www.hotelvitabella.com,listing
378306,Viva Beach Hotel,"Antalya, Alanya",https://vivabeachalanya.com,web_search
372,Volley Hotel İzmir,"İzmir, Konak, Alsancak ",https://www.volleyhotelizmir.com,listing
1264460,Vuni Palace Hotel & Casino,"Kıbrıs, Girne",http://www.vunipalacehotel.com,listing
45863,Wasa Hotel,"Antalya, Alanya",https://www.wasahotel.com,listing
1020976,Wb Weekend Otel,"Muğla, Bodrum, Gümbet",https://www.instagram.com/wb_weekend_bodrum_otel/,social
1199251,White City Beach Hotel (+16),"Antalya, Alanya",https://www.whitecityhotels.com,listing
322,White City Resort Hotel & Spa,"Antalya, Alanya, Avsallar",https://www.whitecityhotels.com,listing
417004,White Otel Ölüdeniz,"Muğla, Fethiye, Ölüdeniz",https://www.whiteotel.com,listing
1019488,Wind Of Alaçatı +12,"İzmir, Çeşme",https://windofalacati.com/,listing
416887,Windtown Deluxe Alaçatı,"İzmir, Çeşme, Alaçatı",https://windtowndeluxealacati.com,listing
663106,Woodstock Alaçatı,"İzmir, Çeşme, Alaçatı",https://www.woodstockalacati.com,web_search
781160,Xeno Eftalia Resort Hotel,"Antalya, Alanya",https://xenohotels.com,web_search
785336,Yakamoz Otel,"Balıkesir, Erdek",https://yakamozhotel.com,web_search
874782,Yaliyani Motel Restaurant,"Muğla, Bodrum",https://yaliyani.com,web_search
872993,Yalı Pansiyon,"Antalya, Kaş",https://www.instagram.com/yalipansiyon.kas/,social
108547,Yalıhan Aspendos Hotel,"Antalya, Alanya, Avsallar",https://www.yalihan.com.tr,listing
1198,Yalıhan Una Hotel,"Antalya, Alanya",https://info@yalihan.com.tr,listing
281,Yalıkavak Marina Hotel by Social Living Collection,"Muğla, Bodrum",https://yalikavakmarina.com.tr,listing
891000,Yalım Hotel,"Muğla, Bodrum",https://yalimhotelbodrum.com,web_search
783586,Yalıpark Beach Hotel,"Muğla, Bodrum",https://www.yaliparkotel.com,web_search
1284550,Yalıyanı Pansiyon,"Muğla, Bodrum, Yalıçiftlik",https://yaliyani.com,web_search
417082,Yaprak Otel,"Muğla, Ortaca",https://www.yaprakhotel.com/,web_search
640931,Yelken Beach Otel,"Aydın, Didim",https://www.yelkenotel.com,web_search
88,Yeniçeri City Hotel,"Muğla, Fethiye",https://wwwyenicerihotel.com,listing
239939,Yonca Butik Otel,"Antalya, Kumluca, Adrasan",http://yonca-hotel.adrasan.hotels-antalya.net/tr/,listing
872633,Yoncalı Termal Otel,"Kütahya, Yoncalı",https://www.yoncali.termalresort.com,listing
1882,Yunus Hotel,"Muğla, Marmaris",https://www.yunushotel.com.tr,listing
784621,Yıldız Apart,"Antalya, Kaş, Demre",https://www.yildizapartdemre.com/,listing
3961,Yılmaz Beach Hotel,"Muğla, Bodrum, Ortakent",https://www.yilmazhotel.com/,listing
871852,Z Suites,"Antalya, Muratpaşa",https://www.zsuites.com.tr,listing
874453,Zarbalı Cunda,"Balıkesir, Ayvalık",http://www.zarbalicunda.com.tr,web_search
1025326,Zephyros Hotel Datça,"Muğla, Datça",http://www.zephyrosotel.com/,listing
217084,Zera Bodrum,"Muğla, Bodrum, Gümbet",https://www.zerabodrum.com/,web_search
1023974,Zeyda Lara Hotel,"Antalya, Kundu",https://www.jurahotels.com.tr,listing
592766,Zeytin Apart Otel & Aquapark,"Balıkesir, Ayvalık",https://www.zeytinapartaquapark.com,listing
1018056,Zeytinada Hotel,"Muğla, Bodrum, Torba",https://www.zeytinada.com,listing
106696,Zinbad Otel,"Antalya, Kaş, Kalkan",https://www.zinbadhotel.com,web_search
873689,Zoe Hotel Alaçatı,"İzmir, Çeşme, Alaçatı",https://www.zoealacati.com,listing
877954,Zulu Hotel,"Antalya, Kumluca, Adrasan",https://zuluadrasanotel.com/iletisim,listing
1210643,Zuzuu Beach & Hotel,"Muğla, Bodrum, Ortakent",https://www.zuzuubeachhotel.com,listing
780962,Zübeyde Hanım Alaçatı Otel,"İzmir, Çeşme, Alaçatı",https://www.zubeydehanimotel.com,web_search
415236,Çamlık Pansiyon,"Antalya, Kumluca, Olimpos",https://olimposcamlik.com,web_search
783732,Çamlıköşk Apart Otel,"Muğla, Bodrum",https://www.instagram.com/camlikoskotel/,social
1020944,Çeşme Flowers Otel,"İzmir, Çeşme",https://www.cesmeflowers.com,web_search
221486,Çınarlar Apart Otel,"Antalya, Kaş",https://www.cinarlarapart.com,listing
415487,Çıralı Zakkum Bungalow,"Antalya, Kemer",https://www.ciralizakkumbungalow.com,web_search
416825,Ölüdeniz Loft Exclusive (Yetişkin Oteli),"Muğla, Fethiye, Ölüdeniz",https://www.oludenizloft.com/,listing
417519,Ölüdeniz Turquoise Hotel,"Muğla, Fethiye, Ölüdeniz",https://www.turquoisehotel.com,listing
872714,Ören Konak Apart Otel,"Balıkesir, Burhaniye",https://www.orenkonakapartotel.com,web_search
780955,Özgün Apart Otel Kuşadası,"Aydın, Kuşadası",https://www.apartozgun.com,listing
226273,Özgür Bey Spa Hotel,"Antalya, Alanya",https://www.ozgurbeyspahotel.com,listing
418645,Ürgüp Konak Hotel,"Nevşehir, Ürgüp",http://urgupkonak.com/index.html,listing
873723,Üzüm Kızı Butik Otel,"Muğla, Bodrum, Göltürkbükü",https://www.uzumkizibutikotel.com,web_search
1017548,Şafak Hotel Didim,"Aydın, Didim, Mavisehir",https://safakhotel.com,web_search
416785,7 Art Fesleğen Hotel By Egeos,"Muğla, Bodrum",,
875266,Babel Residence Kemer,"Antalya, Kemer",,
782055,Belinda Apart Hotel,"Çanakkale, Gelibolu",,
1047,Belle Vue Hotel,,,
1023598,Bodrum Bargilya Villaları,"Muğla, Bodrum",,
783676,Can Pansiyon Bodrum,"Muğla, Bodrum",,
1017856,Cappadocia Old Houses,"Nevşehir, Ürgüp",,
872729,Dem Butik Otel Alacati,"İzmir, Çeşme, Alaçatı",,
378039,Green Blue Hotels Bodrum,"Muğla, Bodrum",,
109513,Hadrian Hotel,"Antalya, Kaş",,
873310,Latino Hotel,"Antalya, Kemer",,
1017528,Magesa Terra Apart Hotel,"Antalya, Muratpaşa",,
593543,Maldives Hotel,"Antalya, Alanya",,
1020965,Quasar Suites,"Muğla, Bodrum, Güvercinlik",,
673124,Turkuaz Pansiyon,"Antalya, Kaş, Kalkan",,
875138,Villa Lizya,"Antalya, Kaş",,
874011,Villa Mirada,"Antalya, Kaş",,
